Lat_norm,Lon_norm,Hierarchical_Cluster
0.07892317957261041,0.6199057654071237,0
-1.631507954711601,2.2751353112314554,0
0.5445612798838425,-1.4350960910398078,1
0.448187936305442,0.6853055259120101,4
0.34470421964486825,0.6785334113243524,4
1.6141013186686537,-1.9377552846920936,1
1.1091484197923032,-1.5515361972517043,1
0.11907310315134628,0.7250049031365009,0
0.40879480478255154,0.686908068243429,4
1.805494061861068,-0.5318132896113594,2
1.0955396966939037,-1.9296194347482674,1
1.427921446492925,0.12378743365581836,2
-0.5511046390760388,1.4288429923904014,0
-1.310824618305183,2.0562106471254835,0
0.7820100672311514,-0.34338913230524987,5
-0.6190832018996008,-0.8081528992310179,3
-0.6884399751886887,-0.40648663028954285,3
-1.017185300425354,1.4110029477229966,0
1.0722977374520408,0.39328050370387363,2
0.7214102154237653,-1.3633613483975324,1
-0.7066741355238083,-0.923973147292512,3
1.793526791773395,-0.08393157858060368,2
0.128558423153151,-0.8130785662145308,5
-1.0034064236171223,1.3928621204280336,0
-1.6636455060975226,2.3805527453416486,0
0.2247463153270782,0.49421069055827604,4
0.8909077037364711,-0.18113634952387897,5
0.756156398407616,-0.2836582215374934,5
0.8133312612347808,-1.35988873013846,1
-0.9763355563107391,-0.04459075904506319,3
1.3642603496082018,-1.7597426643382992,1
1.3990890963365756,-0.8081656703820792,2
0.30979192928937344,-0.3123029479689645,5
-1.020060644505004,1.7899503551512688,0
0.6604095570998728,-1.6485286351045076,1
-0.46748822405224083,0.22384931773930702,0
0.615481323090153,-0.2038088859729604,5
1.6845813600593122,-0.2155585312904047,2
1.0989315425904005,-2.5738222952406473,1
1.1424729546967418,-1.3433304923687288,1
1.1555704212315285,0.2507696847059368,2
0.7217111315679776,-1.3315597594080308,1
0.44834832577465994,0.6088606845088573,4
-2.034402808288917,0.4476964814478579,0
1.85128778571325,0.037849172335502286,2
-0.6724093630361202,0.8630055071321538,0
-0.037144683542122164,-0.7027797068272957,5
-0.41490962102017215,0.9638921636706436,0
1.006690905228006,-0.8274213819036368,5
-0.6969388532665495,0.4174229081787446,0
-0.34762158714106717,1.1040627793280098,0
-0.723115122457109,0.130584125087328,0
-0.5441343200196678,-0.9307145027153183,3
-0.21035985749434977,0.9140695997274451,0
-2.1106816904166124,1.9513363934453014,0
-0.809260821654417,-1.364804810289773,3
-1.2842836714414263,0.7495665536746949,0
-0.428573056144725,0.5798320444027963,0
0.12478282069527856,-1.0995761359921807,5
-1.105976451745623,0.8610147319704574,0
-0.8131667715375869,1.3904551141430797,0
-1.6423639112639499,2.375980808755251,0
-0.8121098702996344,-0.4222057831073232,3
0.3958569553389268,-0.10372040943968042,5
-0.9356908381939464,1.5601605919124983,0
0.22599291028424423,0.7498077658267788,4
1.0479181000722413,-0.9950476010984171,2
0.4003513419406378,-1.4034256688861433,1
1.155404579004617,0.22909971749282929,2
-1.752879276095984,0.7255651908111882,0
-0.7802430431496545,-0.07956970541030399,0
0.25198620659651,-1.2236320488431822,1
1.9871762273626692,-0.08684921071687514,2
1.4272422611291617,-2.1072946189322206,1
-1.101688462977272,1.9360008155445187,0
1.879912101055968,-0.21144308713491763,2
0.8290988152907938,-1.9179892352632677,1
0.975667664665146,0.1858398652977249,2
-1.2287546768600566,1.9391428574694525,0
-1.3131101307748574,1.9829446028166327,0
0.2298008142797683,0.14468921782470767,4
-0.7448671300469708,1.3122525456787495,0
1.0710876517631356,-0.0071657815513671555,2
0.8467360081658531,-0.041144682422480046,2
-0.9751561697633458,-0.2503179798479755,3
1.617715021485573,0.05656913915036903,2
1.3379525225493096,0.21033430638319542,2
1.7307510821093248,0.07157886638176247,2
1.0640966860065777,-0.6948780567587424,2
-0.13717238929612058,0.2935490096378002,4
-0.30563112148873917,-0.2769109717374964,3
-0.11249954802361503,0.3956209949882529,4
1.9873084538567463,-0.11259071913635013,2
-1.307651874130207,0.5033860512246492,0
0.4747192342088852,0.7558395770979447,4
-0.10362647012045154,0.345289549794036,4
-1.1357137983001053,0.619635318498149,0
0.41985862322795753,0.33577809104954,4
0.5610810032560091,-1.735798822468472,1
0.2155781659905004,0.2360660585916747,4
0.57426943746863,-1.3259514286667182,1
0.4271502860961153,0.11153273504530507,4
0.33459827666717146,-1.6313088212202307,1
-0.8354594782774182,1.2514165407710087,0
-0.03442501396767574,0.7025649574653337,0
-0.7394337047770565,-0.30799168514285896,3
1.0718833278611917,-2.1473778420795906,1
0.375027316887089,-0.3046818228398051,5
1.5192224803136016,-0.1498268563601426,2
0.5447264995972937,0.8761743931932658,4
1.4490547447598874,-0.7687141110776617,2
1.1428082474237737,-1.312381945133089,1
0.29448513902933626,-0.9427642023315942,5
0.015011797647590818,-0.39592725964115005,5
-0.989649761321086,0.9428759642157961,0
-1.1687995416093735,2.0406330101793593,0
-1.4859324640787466,0.24110974862675677,0
0.22870897158556358,-0.018872929762639656,4
0.4953503599991974,-1.4116762728732788,1
-0.8710873595126253,-0.29584003650994956,3
-1.0505660344717849,1.1305272975025762,0
-2.0040195462626857,0.2656529199529411,0
-0.19728535479359044,0.4192080407075974,4
0.7112378018302206,-1.4408436510411966,1
0.901082088622954,0.03206783822919636,2
-0.5177038347309247,1.366112673468747,0
-0.8582203267519004,-1.0626279086175594,3
0.505409245561974,0.6719849104458822,4
0.46359000572615244,0.12857756383426389,4
0.17843940973054745,0.227778479242592,4
-1.9592793228798706,0.5511180590365661,0
-0.8532008614797851,1.556990771887164,0
0.7258194214183304,0.4644739968331611,4
0.6869666432044252,0.3025127655419464,4
1.5216574652088721,-4.032244490155021,1
0.05981147107663402,-0.10120371353351829,4
0.8935727073968025,-0.9347672428902525,2
0.24388043431172016,0.6938201573570952,4
1.4508072472750386,-0.2673363008763003,2
-0.5312560820146102,1.2248058826871213,0
-1.1198469302732201,0.7216862839568183,0
-0.4003902182051807,0.7704052273542099,0
-0.7438393486106148,-0.7266929589108267,3
-1.9434279369961078,-0.20897042968081558,0
-1.004327386335641,1.04581342371358,0
0.3413757433244156,-0.7191440907188051,5
-0.6232043800865137,-0.7196998051698515,3
-0.8090077814151374,-0.25704317654620734,3
-0.3227685397172404,1.0777581715477114,0
0.5362838206613433,-1.5866887906207856,1
-0.874991660887699,1.6958863557931607,0
0.3142666721294733,0.18467523455812174,4
0.6692768133482985,-1.3366201840548233,1
1.6688854642323536,0.07635888465417395,2
-0.462601942100494,-1.100053580563645,3
-0.7849043786691643,-0.6408955528856327,3
0.057372278450672526,-0.35439735640682263,5
-0.9652955893575533,1.0033739740040057,0
0.09655968076594715,-0.41841796809713905,5
0.544756933594155,0.6053079501430594,4
-1.2052851889073835,-0.11824305445386722,3
-0.12294885334865967,-0.8647363140808455,5
-1.4504021330260148,0.0741409896450047,0
-1.9739085762843225,0.1966167689613907,0
-1.788525867322407,0.44102142083352835,0
-1.0204467873684824,0.990729839974678,0
-0.6215500041551777,-1.1424812415183565,3
1.0558018886282368,0.3188752015789867,2
0.16541921557492983,-0.4403529282264669,5
0.3849426554312371,-1.430376168316705,1
0.22883785495116418,0.012656586282601065,4
1.4903486868926106,-4.011310405475392,1
0.5024683992208386,-1.5596356815968155,1
-0.24632624777669326,0.8610905289214951,0
0.7348242416383076,-1.4276489686100087,1
0.4302893914821964,0.8339886557809557,4
1.370700586829525,0.16157989509388954,2
1.1437127250606764,-0.6749968129019301,2
-1.0210492767544985,0.2448944301316218,0
1.5988023674684129,-0.5266633991556673,2
1.020179598487166,-0.8393696406396673,5
1.3518850910418176,0.34027865146815395,2
-1.2696831574136191,1.3483604516372683,0
-0.8477456597628183,0.2998644793536791,0
0.3087194997961784,-0.4795512156180566,5
0.855142950211517,-1.795487591825095,1
1.3055283728314653,-0.28127311591367715,2
-0.6232009908459171,-0.11999798676731765,0
-1.1533337337155745,1.0308684330066067,0
-0.8033388154542062,0.3804143311868613,0
0.49077281019539903,0.7072062884894309,4
-0.5070784157050311,-0.15707966758959663,3
1.6622647672431294,-0.31882189227112023,2
0.3721756859632984,-1.2340665704799183,1
0.480131897498312,-1.3654113722150392,1
-1.9296471695911075,0.7739340623908586,0
0.7357827050355917,0.2549265927578546,4
0.1866031449458083,0.9076051784165903,4
-1.9473743041494473,-0.1783998001147678,0
0.1949364805254577,-0.9190936868081075,5
0.4845796762783167,0.3449425945434655,4
-0.19197184408261475,-0.16808011721073904,4
1.5258945923127052,0.06039111783660478,2
0.8147907558337786,-0.213333437688182,5
-1.1069147295639232,1.7718505852439153,0
-0.8902881681457275,0.21929108388638602,0
0.5276630567316055,0.21286382425396136,4
-1.6129401040455071,0.670193951291309,0
1.3571671648173564,-0.6013065427972935,2
1.947883620253686,-0.045996771315546185,2
0.21614457264540948,0.23682106397601002,4
-0.8153710575140628,1.0180848325871767,0
0.6232496123223604,-1.5212789351475524,1
-1.4488899783899716,0.8100055519373609,0
0.7195501448688627,-0.7366467500303926,5
-0.4344258711140719,-0.6442000797607041,3
-0.6821810277533499,-2.1042470056112026,3
-0.5363624455703117,1.371758403018756,0
-1.0461312362525808,1.8112192336936395,0
-1.6231082407402622,0.47451410331837957,0
1.2578017443364224,0.28561854825910526,2
-0.49789600619643704,-0.331509336424263,3
-0.17905022610394444,0.3772956296416277,4
1.384437732172322,-0.8851049111609861,2
0.5823362334869686,-0.6143595230401014,5
1.3502711784927717,0.2308289889389036,2
-1.16582077958039,1.2040785246638603,0
0.6107520298389565,0.7333520529608173,4
1.3654414538318715,0.25803289578523364,2
-1.648698401874192,1.7390319451429346,0
1.5308589536057264,-0.04325263374248774,2
-0.9961272801885622,1.4136593979628287,0
0.9087946283063831,-0.5748586067935694,5
-1.29279390462797,2.0770125486974624,0
0.06708900058106539,0.5899980669852678,0
1.397792688765588,-0.9739195100996982,2
-0.7773608053085924,0.6481007406783738,0
-0.9844923401243966,0.9427124291179896,0
0.7419102675230083,0.7114000025244999,4
0.4178458639272725,-1.1231033402301698,5
1.3366354798062063,0.23105234857989715,2
0.6645176279176952,0.6005118239598567,4
0.11695775591957515,0.4647057237801303,4
0.5185354860575367,0.9644540265670747,4
-0.028032156946032803,-0.5670100399975136,5
0.6498653645670956,0.07171809564159813,4
-2.221761029489332,0.8663371515308511,0
-1.1685134966227304,1.9994875626311432,0
-1.1197867078491002,1.9570317509428246,0
-1.6026718925299765,0.6202995538577222,0
0.4773057089348102,0.3832713088243748,4
1.7830196849103006,-0.08284481121176088,2
0.5594091854166835,-0.6763423739278253,5
0.38443160637216567,-1.0944530412406908,5
0.1775052013065773,-0.7801778960277297,5
-1.6080601970938597,2.2137796356519597,0
-1.2593133493773434,0.41900534526310823,0
-0.5339524419142089,-0.26780827451708256,3
-0.8875160460387769,0.19859560292735606,0
-0.17439655672390278,0.8710311254432503,0
0.4708002461247234,0.7247978546604686,4
-1.2868845446757284,0.33740073862801423,0
0.385960395954257,-0.6790127301557854,5
-0.652875820898499,0.8073632956292248,0
-1.0729448440611682,0.5350375876574824,0
2.020254304532551,-0.01927347642161445,2
0.05324238507375937,-0.8415588767790819,5
-1.6815156919692387,0.6823053386163246,0
0.14961952137376822,-1.1448736304246243,5
1.6841903523675512,-0.4440453322365369,2
-0.734037711017727,0.7282268579139899,0
1.2779687747303536,0.33649999984342016,2
1.2978243638895552,-1.645764307594996,1
1.847462681898245,-0.27917476836379684,2
0.6419804923763548,-0.9275833010246637,5
0.521418507804562,-1.365978282595403,1
0.4417128383241178,0.5840597696730486,4
0.5676013141676051,0.20147688640259978,4
0.8574313677445248,-1.3599196248064924,1
-1.066900709920408,1.4214523069305167,0
-0.4473824305489945,-0.27130816274040853,3
1.9381329134934144,-0.2310126403784222,2
1.3961294477799018,-0.18232606524324066,2
-1.1404348605384829,-0.4633713697784501,3
0.001939427632190774,-0.9316130395774899,5
-0.7088619710027174,-1.188450796604346,3
1.4461441825511814,-2.004161171385022,1
-0.07443963306859114,-0.6185265938115959,5
-0.8761533980224794,1.3615641958268216,0
-1.9275114292758113,0.7173588962819938,0
0.5400776719893925,-1.6421933988989246,1
0.44793089584017654,-0.9724703232085815,5
-0.8956692907474878,-0.14010833220168661,3
1.4738813353567786,-3.759697217955886,1
1.4450913045954388,0.2049012994945523,2
-0.9224447638357783,1.363260438433911,0
-1.6180285645720158,0.9463311534102871,0
1.2294790944596665,-0.9877254970585891,2
0.9093158796712117,0.46962930740599285,2
-0.8645222967919605,0.40342230513777216,0
-2.0035946000531664,0.8592257206703533,0
0.2255816709013792,0.7498010923075598,4
1.1555438030123357,0.24952400627671165,2
0.7224632201878797,-1.2388948447329926,1
1.1048829567928369,0.26050026862489595,2
-0.7964371458112447,1.276913974538962,0
0.30193211903396994,0.16010557240923107,4
-1.0516868125191048,1.9324819907868191,0
-1.7730487158479962,2.2547616158538397,0
-1.5464643927384953,2.2139030957585963,0
0.9594921221304218,-0.5626089895428443,5
0.1917370028509883,0.6956512084407663,4
0.05736110779047091,0.6166375871930799,0
-0.5199365834113238,1.1098230935422917,0
-1.8363694476728638,0.08202773439130383,0
0.39430521345087916,-1.6343252011161056,1
0.2365489536309566,-0.5697147631559363,5
-0.8320993805732112,-0.233168356480873,3
1.0158722887420462,-1.390288795392203,1
0.46962728068954995,-0.6422959248463969,5
-1.3522718025290503,0.15525031613547174,0
0.8828882763897419,-0.8846892898009612,5
-0.3965578286758231,-0.9377287949133305,3
0.35114637051902037,-0.1663412081186818,5
-0.9714314289699091,0.3046431256587576,0
0.5128508880890512,0.10370688192778942,4
-1.0417825293548577,0.0814942254828909,0
0.7228337886839952,-1.2003095725933086,1
1.9513017270004844,-0.32374913447613624,2
0.8039927045717091,-0.03214813480937451,2
-0.8462619217185778,0.6777936838954781,0
0.10486670938317486,0.7254586855088416,0
-1.1058987989414204,1.833382262190783,0
1.1637574776497082,-1.3051881284914917,1
0.35247979459151024,-0.2493514713289798,5
1.6287486595507794,-4.341087881881659,1
1.1323460883462184,0.22818016073887423,2
0.5928880460470117,-0.5427843859103575,5
0.5616735439529297,-0.32829273401244335,5
1.183189619243218,-0.7596086868607503,2
1.271123696182325,-1.0441245262973822,2
0.4392426468278623,0.7438798006129322,4
-0.8417684458312018,1.1017862623639498,0
0.21363667296592914,-1.691958018401935,1
0.22976065062634207,0.643222431968723,4
0.023187153116185286,-0.8499394450135177,5
1.662197455081127,-0.48418158784286186,2
-0.4190061292247704,1.2670192626968915,0
1.4738813353567786,-3.759697217955886,1
0.1376126870900693,0.16086393149098333,4
-1.7534742030948436,0.18351331387732905,0
0.36991133895512335,0.611768424930952,4
-1.0825640505932168,2.000898080373797,0
-1.1119135827199829,0.31654548277741623,0
1.3653029330339466,-0.8428990515636929,2
0.22502283816169757,-1.7289969649877759,1
0.15072608536119222,-0.7933037768465225,5
1.0517749520793722,-0.30441134205521564,5
-1.1688040605967538,0.8902782155908789,0
-2.2501010751619575,0.8871341411220781,0
-0.8762337253294138,1.5785113301826907,0
0.8979355937702905,-1.155163689001109,1
-1.5652818482912336,0.6365915453091533,0
-0.9432389881820897,1.4652247158934801,0
0.05390989254399763,-0.7560036991777849,5
1.229590443692955,-0.9747097293075131,2
-0.29785297579159503,0.9038076749468807,0
-0.3612723529616723,0.713938378899461,0
0.4029981197869345,0.6203856998450602,4
0.9777223514076541,0.4670440639556297,2
-0.8710379273237552,0.23908584299874966,0
-1.6065731159212249,2.2137445403934928,0
0.15140716132172408,-0.8759288391042956,5
1.617225184000121,-0.37911376822826665,2
0.5611532033024361,-0.40755920372644877,5
-1.1737303563375767,1.398587491824476,0
1.7449486684632554,-0.03893178408394178,2
0.6714339612137666,-1.1220501437120738,5
-1.1492475661530943,1.793390486582878,0
-1.7803912634367316,0.7453393534782771,0
-1.8860295917964025,0.6401449063761114,0
1.2845526050824259,0.24954524636083364,2
-0.18357654534634468,0.835020290395506,0
-1.4635077268213907,0.9074234520503421,0
-0.7167117403448667,-1.1514805161279595,3
-0.628127713123812,-0.5949854158340087,3
1.1039833094001674,-0.005854587455934359,2
0.5461829046843949,-0.9350198203504498,5
-1.6627256385417382,1.8111091375636097,0
0.3790206492310263,-1.6612068819963446,1
0.2015526585273018,0.49533445022699374,4
-0.7056869096939011,0.9808978151752328,0
0.46197497495831213,0.2944511034517995,4
-0.5367036982884422,1.3988369696552099,0
0.5807983598179965,0.2866661383433377,4
-1.4475815009725184,0.9192243174749722,0
-0.9361419184454775,0.9921212687423303,0
0.8115434137822837,-0.6332723274611358,5
-1.4427776674850759,0.8831931569878341,0
0.33539217744875965,-1.0667049038166814,5
-2.1419462472131885,0.40360757151767956,0
-1.285730439096285,0.2553785966542815,0
-0.7364932388608726,0.8379861446365846,0
-1.7516066047369157,-0.7221183292037872,3
-1.4758526205590121,2.2342295344896757,0
0.055060585826866335,-0.5968943472266084,5
-1.1614915204678076,0.16805087135895067,0
0.5051007670306872,0.6473456675428089,4
-1.276729100341063,0.6831621405761843,0
-1.9145922206553039,0.7523516131324222,0
-1.0161170094946694,1.547535157287278,0
-1.0773399973881765,-0.8590517798796737,3
-0.14949249777120838,-0.10106460283869541,4
-0.6047152082190943,1.4899778490086775,0
0.40999714363590106,0.6868653001313761,4
-0.961745359868908,0.6272618129309054,0
0.6552558364005512,0.5681951544606498,4
-1.1340840231829856,0.19708701493956096,0
-1.2687323140436009,0.5017681123727564,0
-1.0093597630004585,0.07466403095210454,0
1.0785218356553679,-2.4483049494213023,1
0.7070768749988822,-0.003940540827931502,4
-0.9661499661798415,1.0034219420411004,0
-0.48310393090862586,0.2364671811382671,0
0.12199511269297579,-0.22834751795111857,4
1.2367477704378187,-1.0032538786899245,2
0.4435053892123945,0.6854164519976108,4
0.7591943568660837,0.48771757650229247,4
1.5444169533759693,-2.336457139111293,1
-0.06210520678137768,0.8674011374696836,0
-1.9049386144843756,-0.279581954666376,0
-1.064337798485992,1.4213719198176697,0
-0.5163509167611737,-0.08323124862843755,0
0.5324912604725807,0.5955306346511573,4
0.05180273021292513,-1.0032826391865235,5
0.4174307050145093,-1.6907509244317749,1
-0.5039924314771986,-0.7817430395504522,3
0.4045635108614453,-0.27693856352141394,5
0.056511123147273155,-0.4441215018207814,5
1.4204789047795838,-0.7490029064590791,2
-0.5761664936913888,-0.2566319590315087,3
1.4812527145463996,-2.32999659657169,1
0.8428137345934065,0.4706885676803161,4
1.6062997595443502,0.17445353720983636,2
1.077164133553586,0.29337429554836314,2
-1.6475207214750862,2.3161540635408717,0
1.7975997251584128,-0.06573551690426314,2
1.370726351974656,0.07569510661696494,2
-0.4528775192466657,1.0607435090982993,0
0.7067101222803532,-0.04744124947984069,4
-0.7392321717719786,1.3042125471192332,0
0.2653540054142977,-0.6846564779754698,5
0.7221261521443799,-1.2781641356596405,1
0.9837643298069131,-1.2004254953492997,1
0.31599675262805177,-0.9075743456569977,5
-1.63405865796319,1.0400412191171098,0
-0.8860087101189777,-0.2411099121622818,3
1.2169183499047598,-1.6697339458351397,1
0.02152630996059107,0.7282118509644099,0
-0.49965343117998023,1.3190200701045978,0
0.5095396231161504,0.021230161501759857,4
-1.2690968533804372,1.981432915199374,0
0.31532970627893464,0.4300383155873289,4
0.7203732000360966,-1.4848404359172076,1
-0.9515488296384922,0.3243856822674963,0
-1.8726833158090057,0.80728546613432,0
-0.39202561861058655,-0.4187352651440694,3
0.3914486946427459,-0.6490168023889411,5
0.12495186771430537,0.09103158222454787,4
-0.5382895170305274,1.3997417057765493,0
-1.103149456220016,1.7717304449593216,0
1.394513886722678,-0.0439579434273571,2
1.4968209605069347,0.22700997437919096,2
-0.07476791675391023,0.6664202116478082,0
0.9537581726693176,-0.268830542491531,5
-0.15503513958905205,0.43845797641673634,4
-1.126974157334054,0.8663825280743886,0
0.42037555158179435,0.6864110434987436,4
-1.3600160904046872,1.6555329398045289,0
-0.7077795121242573,-1.2353882660525197,3
-0.9237870183785692,1.6426324681087652,0
-1.1817004552476655,0.29230700672565624,0
-1.557873648576581,0.4514119040182045,0
0.051029268626982406,0.3716500694704148,4
-1.4901867564179294,0.7675818375056117,0
-0.4400634462517684,-0.8662657864577242,3
-0.0497335219040714,0.8669200681949212,0
-0.6888416001952895,-0.6961623196470325,3
-1.6734475817555532,2.1520587458024627,0
1.0874054386491308,-1.6328809770197643,1
0.8953317808885237,-1.8181257952195695,1
-1.1747489845187897,-0.7122000567896782,3
-1.6491003266094928,-0.008902471782833453,0
-0.8184522230257331,-0.8176063288461685,3
-0.16052612430834381,-0.2006116943558064,4
-1.2916194751330998,0.9132165749117517,0
-0.9687341122439369,1.457275470421039,0
0.36688776747696167,0.6617255263450915,4
-0.5478039914179779,1.2686939772760502,0
-1.8926118773925265,0.4180547244625652,0
1.3293445893160227,-0.2717013414277745,2
0.0932734546722416,0.06188373341654919,4
0.32565637643018835,-0.980639964195493,5
0.4861323634647487,0.598581432291037,4
1.3237666486729533,0.30776357180453096,2
-1.5705206227894113,1.759070541776313,0
0.7217289308449405,-1.3275770403719562,1
0.7083173370445394,-0.7360601239736266,5
-0.6217174372501577,-1.1667076916852281,3
0.5812791132164857,-0.06464986743455933,4
-0.9491381804127051,0.7370449820447217,0
-0.7281735870517356,-0.5494732170101153,3
1.3259866704092134,-0.758259704385968,2
0.065506905392408,0.42876392747504727,4
1.3766840489529513,0.2942071643034588,2
1.4786608447028085,-1.6766676307282071,1
-1.0305543903823464,1.3937651797005444,0
1.7032549573365692,-0.7804205478983761,2
-0.849711626793234,0.0318979514315943,0
0.5583866031214413,0.2115367424400759,4
-1.1670546591214062,0.1271869142086399,0
0.6552558364005512,0.5681951544606498,4
0.5336475102655364,0.712753067025185,4
0.5479770579688111,0.7733302613379456,4
0.8351595152093397,-1.4423072181807333,1
-0.8299541296338804,-0.2562360872235006,3
0.41387074586938083,-0.4528266503843583,5
-0.7358987845112052,-1.1919231099816823,3
0.4086797319958351,0.7143984282821992,4
-0.4357809332972532,0.692604729956815,0
0.5406815216827937,0.47372901628389547,4
0.957906072827735,-1.6565435656219525,1
0.4777172019343369,0.383215583244537,4
1.8851854711695777,-2.4364074704082617,1
0.3888753388139824,-0.9484752273554723,5
1.5529642607041245,-1.6932061866973913,1
0.031099657992765584,0.6175216252415782,0
0.547294437252413,-0.8316711433379672,5
0.5881368149564237,-0.5580959459169779,5
0.5144127285306263,0.40693535408305326,4
0.40016348117808337,0.7460441042136973,4
-0.9320693885414714,-0.04634326924351191,3
0.95088767036189,-0.26277323973178496,5
-0.6316783230374089,0.7243535913688574,0
0.3572530096336101,0.42858657107827,4
-1.1932214522719804,1.073592015420945,0
-0.47886795660771836,1.0940453526452352,0
1.511633682494769,0.1382870092964268,2
-0.9808556734734499,1.437015004678772,0
-0.9920156702657933,0.38763668813295976,0
0.4807168296959558,-0.7667969817578822,5
0.39911613667628576,0.6105580958286283,4
0.4089213364301804,0.6869101177252239,4
-0.07512943574719423,-0.5355541697946714,5
-1.6022850695127646,0.19998247540881378,0
-0.6022389299235321,-0.21453236760653657,3
0.7054723347375099,-1.6714008859336273,1
-0.380051789074251,0.6958647610574623,0
-1.59995234976382,0.71915893413286,0
-1.3905234286083463,0.8555664640642809,0
-0.8585570720106399,1.4528921369742789,0
-0.7339805319933012,1.057066823427886,0
0.4155578037632381,-1.400423872493099,1
-1.379373311336918,1.8008270905978214,0
0.09979695884796388,-0.8118681862984239,5
1.701006207751817,-0.4654194457414876,2
-1.575800586935651,0.9034148180789382,0
0.6166990172782532,-0.5230893738922048,5
-1.0729810997127673,0.7413754862869376,0
-1.2756829432262404,1.934771820913462,0
-1.7221059516763757,0.9298004057971478,0
-1.0238281312304403,1.7489117516629913,0
-1.7920635082031924,-0.5620092366397379,3
-0.7703741625628626,-0.2585194978991182,3
1.3905125885106546,-0.49214130091661606,2
-0.8207811385249983,0.0441365929448589,0
-0.2753378011457063,1.1124156202753468,0
0.3830475396677706,-1.6451075926481404,1
1.7050413061452383,-3.6168350906758353,1
-1.0825202440825323,1.771223443811302,0
1.6356220163542499,-1.9987893271310437,1
0.32560828149264326,0.690787957494238,4
0.6166581273589732,-1.3341540307411444,1
1.7065937973552,-0.362340368744481,2
0.03674455342894601,-0.31273767524191864,5
0.35291327154254876,0.689985441395413,4
0.3167996568003511,0.6030172223093755,4
0.3744148096437151,-0.24411121735710634,5
0.06497191261687565,-0.7445315638599096,5
1.0647444805470243,0.40691951717814306,2
-0.9857114522600732,0.9836669191627962,0
-0.7877767254612402,-0.257846082216167,3
-1.2331780277463371,1.5483848453434823,0
-0.31013704764761424,-0.45593900022979633,3
0.2962597753604313,0.7488967288194269,4
-0.5039924314771986,-0.7817430395504522,3
-0.9612558451682982,1.833015421885255,0
-0.8941228286968873,0.15776232025273942,0
0.2705322001194638,0.8107912656730051,4
0.5251291498184035,0.7599564101584517,4
-0.9055022499955937,-0.06059494227488965,3
-1.9965701338439108,0.8589680618503677,0
0.4916275328585894,0.6843903052516704,4
0.5128508880890512,0.10370688192778942,4
0.4319254954872954,-1.7778323223396189,1
-1.539871870252483,1.6419863901417782,0
-0.03438848164335483,0.7842468854594259,0
-0.10613222558650157,-1.0098220274930858,5
0.03216098599393949,-0.14973872864247992,4
-0.37196495734127866,-0.4196222842570184,3
-1.5785998114390576,0.3904790992053297,0
-1.4504021330260148,0.0741409896450047,0
0.8250419173942601,0.5457101371276816,4
-1.5716089840187788,1.1573872301627866,0
0.37363101894372536,-1.1354026870559755,5
-0.6026411313316367,0.8156967257821369,0
-1.4073734645989613,0.7552093360358678,0
0.7395534772493129,0.6014058553496169,4
-1.2896295759142942,0.2965241966431252,0
-1.0263924721405033,0.9236482509869776,0
0.6574437179915806,-1.5108105377785732,1
0.7297534305244117,-1.315334875782238,1
-0.1822134135428474,0.9459802008234525,0
0.5244989124663292,0.7141600616918664,4
0.36694239880694546,0.48813707663356876,4
-1.0779114533197676,0.04158683432409711,0
-0.8165868611054762,1.2039824022734287,0
0.7968214634957316,-1.3154894507487642,1
0.4957490338303445,0.6215657101669687,4
0.382566728629172,0.057979030191862624,4
-1.6745678179855006,2.295688395549716,0
1.7243443799247484,-0.3631992032484486,2
-1.2245227027852168,-1.1562836207118772,3
-0.752154838801263,-0.5070931175836769,3
-0.7905180216183071,1.3337724095218866,0
-1.260397698852654,1.0763865092700036,0
1.3995656304763848,-1.6369630197030596,1
0.2850035195248992,-0.8146620873221778,5
0.7058983184695725,-0.1636270844445426,5
-0.8532008614797851,1.556990771887164,0
0.7968408075285608,-0.6014342712458343,5
-0.2389618084606866,1.040375589533102,0
-1.6590333030381827,0.8653961006248208,0
-1.188244779043903,1.0419590767648936,0
-0.9777183549319077,0.09731094040990605,0
0.8425629653759289,-0.6547951893066516,5
-0.517347595575006,0.9269175301624732,0
0.9496381933974507,-0.6688800412940354,5
0.3990048220270465,0.19606335806009256,4
1.2578017443364224,0.28561854825910526,2
-0.8491102786821545,1.4200820843713717,0
1.1179772992317596,-1.759304668057326,1
-0.5486918110527722,-1.4694772831704352,3
-0.23368540647537178,-0.1229656364219972,4
-1.2766756909821035,0.6855212296375861,0
0.8079886191942196,-1.0730022161402148,1
1.5216574652088721,-4.032244490155021,1
0.429733867286778,0.11418495081860687,4
0.6843544955576097,-1.5446779366767085,1
1.4689285827891838,-0.557395514337486,2
-0.8265129207166939,0.5540436858453658,0
1.5414880616009987,-0.03511698705283174,2
1.220761610365619,0.3624377673181907,2
1.7453859611919624,-0.2816945638994226,2
1.5554658430236146,-2.2785120722627066,1
-1.3563009755155857,1.9844708400608664,0
-0.18805355920816472,0.9133797712522068,0
-2.219607489897073,1.0141318395059722,0
-0.7905011445836684,-0.4643037823728645,3
0.355204006209397,0.22393216084277062,4
0.06457258168813708,-0.9124605812879469,5
0.8504472957492971,0.522217503074325,4
-1.1473871267013114,0.9202355588986584,0
-1.043572036843522,-0.7929623602783451,3
0.6211766882377466,-1.4793715546280692,1
0.365840861040225,-0.14590697680732073,5
0.7737435711643124,-0.6515520791341979,5
1.4741897331918958,-0.7646188229827725,2
1.2882990992668548,-1.5234579746917756,1
-0.016764592113938236,-0.4757770694657342,5
-1.3068116537276235,1.8725977245787604,0
0.635067997914012,0.5692406950630875,4
0.16947561776621123,-0.6702337324958807,5
-0.387639111305316,-0.04693050506351033,0
1.7866098705478308,0.12945787555237906,2
1.062156161336369,-0.925435359402884,2
0.4721442068158016,0.5693072608772045,4
-0.19020879342072217,0.7648697294374119,0
0.4281780790605423,-0.07673479781248335,5
-0.7698834489472888,0.39981789334218354,0
-0.9710295272905864,1.1371940755003282,0
0.45966301718985514,-0.6000781579294687,5
-0.357291136576321,0.9617359902458287,0
-0.6871054790095246,0.7696659572476997,0
1.111315401066484,0.06803405893726305,2
0.3855498251970545,-1.3588405980424652,1
1.1281571368760999,-1.0689546420142262,2
1.4246581611771867,-1.0111025979266077,2
0.5535628030875457,0.28599163863710303,4
0.5368716925064517,-1.5176273513948253,1
1.2500444297878643,0.2637646358193994,2
0.24388043431172016,0.6938201573570952,4
-0.7632616337391881,0.09084382597816848,0
0.443811573665901,-0.9882027553135705,5
1.0719223963518836,-1.0107132641348782,2
-1.3780349993800856,1.0205744279074003,0
0.8169464050553368,-0.043962296458900235,2
0.4173078853922372,-1.6072172134057963,1
-1.1202227440225698,-0.420620602088775,3
0.5630343816786466,-0.20509148895034948,5
0.35749732315481847,0.45390393839111676,4
0.3875390096780772,-1.114251475869895,5
-1.7619681471762414,0.9520319310251906,0
-1.0743030188121423,0.41117588438022235,0
0.22826380521301098,0.7213019976492623,4
-0.26090732554743057,1.0380846923208629,0
-0.8473209902260207,-0.5734851321640924,3
-1.2471260322697653,0.15084589504521706,0
-1.2307803936654003,1.8775413118245932,0
-0.43475557274696747,1.2946488181198827,0
-1.8201679670726805,0.9492784776258135,0
0.22377982842159846,0.9361995993856038,4
-1.450564343923739,0.7568688742868912,0
-0.014673741943989748,-1.0891823668613172,5
0.3959820920950394,-1.5782001249245725,1
0.5764277727209912,0.60444787917494,4
-1.211141254780966,0.8697252837134868,0
1.07627621016648,-2.510214340783592,1
0.40879480478255154,0.686908068243429,4
-0.11357535522933565,0.39566621909092226,4
-0.12172349302117337,0.9306927942139347,0
1.079916715651155,-1.2850902832020623,1
0.9698341130323768,-0.49448534915306386,5
-1.1929000738761444,0.08700677259088249,0
1.4250894593307457,-1.284841228818078,1
0.5446876501391323,-0.7075966327099433,5
0.2365030490189621,-0.5490077475099967,5
0.30767676650608355,-0.6148945055429325,5
-0.0038869881504938,-1.062240980002904,5
-1.1045204040273313,1.6275117131644452,0
0.5800620991820372,0.011543954792212064,4
1.6797060182072474,-0.5468553851052036,2
0.4052915520125748,-0.7222756142288832,5
0.8525965469147776,0.4996597714820956,4
-0.8881734549555697,0.7064883939699832,0
-1.7029811127551668,0.7841122294234719,0
-0.9027047662245238,-0.8509544127675869,3
0.6752777980760476,-0.9409307968843917,5
-1.1134117884407808,1.1122847413833186,0
-0.459708775687821,0.986637109497731,0
-0.8802858045097853,1.5579510642093046,0
0.9968880341360228,0.3677499733452247,2
-0.36810299841719263,-0.027000378524875294,0
-0.8471550673028577,-0.5586421921008373,3
0.9059728895620811,-0.5647540686654268,5
0.29802123515425527,0.6226790191720603,4
-0.02920720895444515,-0.6677309256399189,5
1.395623459525747,-1.6782458502837274,1
0.5736686311749232,0.795025736977561,4
1.7486740894104258,-0.19920573289910662,2
0.6389725990177858,-0.31520272759414564,5
0.886160945521143,-1.7619159111324165,1
1.9013531977004838,-0.1037339597327701,2
0.5526808512195275,0.760653471102599,4
0.43717761944323613,0.06404024559871538,4
1.09069044277173,0.4057112206196867,2
1.1323787703088215,-0.7498100804711838,2
1.0844283712404454,-1.455176879898103,1
-1.2737784551751823,0.9285270678325349,0
0.14761991555437595,0.7524524950632183,0
-1.1526734889037107,1.1344098629360997,0
1.3237408143597238,0.3063307977057013,2
0.5420731853584764,-0.20851566491203571,5
-0.7056211653438251,0.027135548540006865,0
-1.5714790977146844,0.590029131031615,0
1.4388538684624197,-0.05686149781489743,2
1.7162442679021934,0.05216409135895424,2
-1.3054901611652385,0.5238987217941474,0
-0.895528867824805,0.5275500176030657,0
0.18480429975351964,0.03580074067742648,4
-1.0653860075900046,-1.238604004632913,3
-1.0981475596642618,1.7571069010761702,0
1.5967871642255973,-2.7451341094233377,1
0.5266548383606092,0.705485672293141,4
0.018857882475613787,0.37108222750715425,4
1.2047891455919209,-0.009795605465793175,2
-0.11162744109246261,-0.9684400426439933,5
0.606519052825623,-0.8758175573236566,5
0.07215357503122277,-0.6249360178710986,5
0.679505656644437,-0.4001579998517087,5
1.11432266038344,0.38230200555741134,2
-1.2688890606555607,0.36995231939329254,0
0.2200425797165532,0.140372416316209,4
0.08317761024815414,-0.9133194835433848,5
-1.1875452467087348,1.09981593120666,0
-0.7312017812695892,-0.611124153472704,3
0.02676250218027743,-0.8500756593332878,5
-0.7574766035810359,0.9959411979467712,0
0.5530135847241282,-1.3633777611898195,1
-1.3116646773153453,0.2770063547047853,0
-0.9914534021733947,0.6352292496715476,0
0.6906644545218162,-0.06193401609804878,4
0.5379734377776316,0.5551195621663868,4
-1.2328048078034681,1.9187146052246802,0
0.18238094663965385,-0.8244436542182972,5
1.1790134408293589,0.4296481179644137,2
0.9281513650614326,-0.43092041687601473,5
0.578229488392564,0.6807510522655683,4
1.1829899537788489,0.23712581006397684,2
1.0628366954795283,-0.3678092330959323,5
-1.3397119917444569,0.05175248427336173,0
-0.4805764451077257,1.0940790081853802,0
1.3046079634583083,0.011904866844453143,2
1.9873084538567463,-0.11259071913635013,2
0.36337161484243574,-0.6276512594443768,5
1.36508449993817,0.2209705410682223,2
-0.5288600503298128,-0.2346844140678433,3
1.2222539944316793,-0.010338616517007782,2
-0.10909630090631506,0.5606369026905986,0
0.8546717650771718,-0.44183197657563456,5
0.12550314959498352,0.14326774128276198,4
0.6910375361283244,0.6135068428247895,4
-1.0535781932010726,0.4104463535465394,0
0.5056164273013795,-0.6645468947447201,5
0.38685613534501734,-1.1984768277228812,1
1.3646481755639075,-0.34559994728613774,2
0.5983744310826719,-1.0828615109041542,5
-1.0417825293548577,0.0814942254828909,0
0.4161754525075344,-1.332119572822667,1
0.19338311318537413,-0.8745933561088197,5
0.5597151162535283,-0.6309229268590187,5
-0.7733288079548931,0.5837673204758513,0
-1.353858751018001,0.42279380391238025,0
0.9278187353091435,0.28418917867123505,2
-0.8251791508033017,0.4683102202648762,0
0.406352176803955,-1.6137046532769275,1
0.3193956652063708,-0.13677880503625456,5
0.12408195110870358,0.015101651952785582,4
-0.8076103883090394,-1.4581777616464189,3
0.38448410501679026,-1.4811356333890422,1
-0.39355187202614306,-0.937873325725293,3
-0.7442651017821578,0.11100744100199954,0
-1.7646962898520975,0.9315213438131019,0
-1.4094871056824452,1.2045831206348059,0
1.468315199415606,-1.983015752949288,1
-0.011318059474851379,-1.018952604441226,5
1.0001440452653156,-1.9058015767269227,1
1.5164433030528996,-0.531725670029844,2
1.6937259576324517,-0.02949397118160354,2
1.380119897336603,-1.6775754834166972,1
-0.9259514519583082,1.4762622763792697,0
0.13410946890422376,0.7529170499183679,0
-0.1607777235439868,-0.2419464225583625,4
0.5595727450938857,-0.6522016124259276,5
-1.314551941377111,1.0526511047812286,0
-0.14201563711515708,0.926443032779845,0
-1.6618104167817058,0.8861295901555387,0
-0.5741935060911894,-0.9293940436068686,3
-0.6450262014207817,0.7614045638398275,0
-1.340773826978872,1.7168032993522575,0
1.3158416243567754,-0.7265811012428108,2
-1.811692975071171,0.7484311746299104,0
-1.4486439126083555,0.27525245560155726,0
-1.4448921731706925,0.6867264435045066,0
-1.5389377425246824,1.743059803592521,0
1.2435554405314044,0.09883443371971468,2
-1.0000081220243564,0.931158551657862,0
-1.1528635630478759,1.1344687558968714,0
0.6401690816323482,-1.1195549758338426,5
0.9537581726693176,-0.268830542491531,5
0.7628599819262057,-0.3406230263198243,5
-0.09488063860269977,-0.8928102852363162,5
-1.5649835374815728,1.7589193374451315,0
-1.4480954666229122,0.33519551314282126,0
0.9006909887069525,0.5512770039725633,4
0.4511721395641298,0.7432027094131406,4
0.23031697025571288,0.18965667793501506,4
-0.9575933672601822,0.9556337174513667,0
0.9678533324845013,-2.0155165370538892,1
0.32445802627491743,0.008392664792429984,4
1.9702135164155117,-0.19082650275638902,2
0.8134720415264369,-1.4189467841729548,1
-0.141346965314004,-0.7819575406877318,5
1.521483864618334,0.1432983141311304,2
-0.2284856889398969,0.4904325978832321,4
0.36650651249782584,-1.0624197083665328,5
1.18312567326567,-0.7594228107176105,2
0.43442495664941544,-1.4499337295511767,1
-0.5487642070756696,-1.5316597637487992,3
-0.7615828183862209,0.7860327971298257,0
0.7970149038243514,-0.4457262630125505,5
1.8691139229856089,0.06585657767685589,2
1.3910423821449913,-1.813022754901833,1
1.6213965667538783,0.029586644090563337,2
0.4467442466344088,0.7504707308463446,4
0.3817356614817316,-1.3719531656984347,1
1.9081018788690447,0.08633876008738382,2
0.35239490218507535,0.6626113259320573,4
0.49559229874637395,0.20303484827043722,4
-0.12074630810460228,-0.8440698476866086,5
0.7112366259712347,-1.1502517925027835,5
-0.9163157834007035,-0.10260577928103902,3
-1.6245746636847211,0.45408332733176116,0
-0.8792759722147422,1.3091679569957844,0
-1.820266451025469,0.942703485924637,0
1.421076921290258,0.18204276833683689,2
-0.1880507463690719,0.3110892710122542,4
-1.1533064468706373,1.1344613709870943,0
0.09430593954454093,0.754260307394515,0
1.9551207670721606,-0.11688060637539316,2
-1.7613063345523692,-0.48782763291343656,3
0.8660682132748669,-0.08223926555854877,2
1.4259553757101977,-1.0111468396330787,2
0.7853408261013133,-0.3209365679238895,5
0.7342145818181577,0.09342290404545985,4
0.06721133602615623,-0.4376858240685979,5
-0.5277666513516706,-1.263207186819008,3
-1.1025099618605685,1.2171211728085365,0
-0.5441343200196678,-0.9307145027153183,3
-0.7644133184326434,-2.130972028167506,3
1.9021033726675571,-1.9073693625569854,1
-0.7199829915286914,0.23329166998967144,0
0.4823166895775268,-0.8495703689097118,5
-2.220654384805739,1.0956177794506499,0
-0.7083703697288688,0.7634209998686594,0
-0.9292619099691856,0.34410481380737756,0
-0.5568678927872205,0.0831326760904198,0
0.7829869870030717,-0.07254447135068678,2
0.23282895085743055,0.42873413376846653,4
-0.5355215450140764,0.164588517447021,0
0.34418631140851597,-1.272571286127959,1
1.3302045687604362,0.3739408650555689,2
-0.3000479125363757,1.134870437392913,0
0.49503459575355785,-0.814990715801607,5
-0.5987197915295033,0.0024260134921927144,0
-0.8078415368209659,1.323604845593527,0
-0.25846504340973636,-0.3172885241850624,3
-2.212901139651511,2.053836432549489,0
1.155291961688102,0.21776616779570188,2
-0.006143461514823246,-0.42334167028801434,5
-2.2318328495007895,1.0760950763448602,0
-0.717678008217816,1.3594163727700546,0
0.9657537440685744,-0.8880059780638616,2
0.5185354860575367,0.9644540265670747,4
-0.599537589915432,-0.7204814368798336,3
-1.1774517655306083,1.0113528099288576,0
0.7179653290652712,0.3581300614436722,4
-1.476147323095546,0.6331785314014106,0
-1.4504021330260148,0.0741409896450047,0
1.6615569001429127,0.1372430100396368,2
0.4962927187398169,-0.6583976701852174,5
-0.7894236542857205,-0.42299215741974233,3
-1.2310579886066937,-0.09672164926508246,3
-1.1770185537242206,1.0944051129227226,0
0.8954990410630935,0.597998871322246,4
1.1574277020033985,0.4167288791128315,2
-0.6504294001983761,0.7523109114398513,0
1.5195537382304345,0.1433930137409271,2
0.4042535336863305,0.7061786342736983,4
-0.1042874527262402,0.8626699341278653,0
1.0297488310129719,0.2996662046924441,2
1.4428448490883854,0.20499091774432002,2
-1.1145722344362747,0.04810508417362248,0
0.6352881602142181,-1.6759829683019143,1
-1.732210453650354,-0.2608457952515607,0
0.41784917247169956,-1.124036311774274,5
1.0050272722893792,-1.4287176293998078,1
-0.4423984485504223,0.3874487963836398,0
0.38822852415596937,0.2325931354513469,4
0.4079088065763453,0.6869559515911255,4
1.6988106369653413,-0.09184955675228677,2
-1.05625743397736,0.43126202560394616,0
1.9491917979424394,0.04745543231688003,2
-1.1239054190378226,1.1684083439804336,0
0.2653540054142977,-0.6846564779754698,5
-1.112614475362618,1.1327197010231653,0
0.6207337467747939,-0.9660821053573453,5
-1.3507230694566477,0.25815662689751045,0
-0.794406172224596,0.5856042828748814,0
-1.7218579261298106,1.2459882764848027,0
1.340748980325744,-1.0076608743355677,2
-0.15100398378150726,0.71025278391131,0
1.125244661014647,-0.06280941583493099,2
-0.617735563767133,1.43714393571585,0
-0.9740026982254336,0.34582661565427664,0
-0.06952592593562809,0.3226386938135129,4
1.1486430556116165,-0.5717577746971132,2
-0.08298847362470552,0.8682400191672235,0
-0.6594671329414762,0.3750949604423887,0
-0.3779612732172157,1.0455859312331413,0
-1.030313097204772,0.8486546798323512,0
-1.4881196424599825,1.650143209164086,0
0.22458365483622197,-0.4920330679518981,5
-0.7219572587401064,0.4392004139041804,0
0.07387843333254543,-0.940058971037265,5
0.3933500240138909,0.536200693989125,4
0.721277481696447,-1.3798530372910742,1
-1.109241339457337,1.0916220690711755,0
1.052665988034353,-1.9855678659335814,1
-2.103816103504758,0.5175212256124183,0
0.4364486099375803,-1.3670536507805175,1
0.5415884202058484,-0.5717100776658997,5
0.4339183458816366,0.6857591050301807,4
0.4978265345425299,-1.432544926576098,1
0.12702051490012964,0.2931973964741907,4
-0.6871072773820527,-0.5924176861371437,3
-1.724071572865889,0.8264412442454243,0
-1.0653860075900046,-1.238604004632913,3
-0.6001591120775062,0.2289374188591745,0
-0.505240271461449,-0.908118847240558,3
1.266063364046908,-0.9213942216660889,2
0.4058481367866783,-0.15911371899925256,5
0.3140767939617784,-1.104251664568185,5
-1.0889648043147655,-0.5975721498167176,3
0.4478179442108303,0.1962601421892225,4
-2.2387759162963543,0.8575072725208712,0
0.10615045917820401,0.6984337102807919,0
-1.1107793745187302,0.42655514503778585,0
-1.1966265323459397,0.24366413128494274,0
-0.8719089967322826,0.01299459833981905,0
0.3179167228222323,-0.688880036530662,5
0.48469340028563707,0.44889066876401623,4
1.2269172320759467,-1.318719467950733,1
-1.1848911255078942,0.41576877310717386,0
-1.780526694722842,-0.5085712851639719,3
-1.1386916380867647,0.6813471974030638,0
-0.9316625413376967,0.13874489063235732,0
-1.2005923818684694,0.3948544210413933,0
1.1417317946484509,-1.4309424689340773,1
-0.7838731503520203,0.07102918181108807,0
0.45815706463350125,-0.16299332030625285,5
-0.05906237196655634,0.1753581039521392,4
0.40211206394053695,-0.899588616020829,5
-0.44382697886317524,1.1114040231563818,0
0.5075481215012052,0.8478812460497894,4
-0.04831173548829856,0.3726996243472849,4
0.469214104597796,0.8682783664962629,4
-0.7263931175379137,-0.38424968494436046,3
-1.6955708149392859,2.254804519468833,0
-0.8631513028725247,-1.1350340682747742,3
0.35905716924731323,0.6505284619736152,4
1.3866646130858629,0.25120214230475746,2
-1.0448976333842865,1.4392719245314427,0
-0.10481716566440732,-0.7620476718370204,5
-0.8301937973592548,-0.4420922099512495,3
-1.5753618762593675,0.985926379695722,0
-1.895564851220319,0.34298025805918514,0
0.28703048135740916,-0.5672436470477225,5
-0.10322950243759185,0.38768658708659576,4
-1.0653860075900046,-1.238604004632913,3
0.9490416178903311,0.409882932366533,2
-0.06809064019782403,0.7037613636418422,0
1.5753072527070515,-2.525282673031948,1
-1.3169923559740968,1.5716378763418728,0
-0.5344379448606799,-0.8131715550996431,3
-1.5502395225472574,1.7586191645810463,0
1.5536269725142606,-1.8162952183961902,1
0.5731444401627119,-0.25079157952380343,5
0.2991936357159959,-1.4441409115715038,1
0.4414053973154559,0.5589872900291263,4
-0.9263269198668374,0.5083724912719327,0
-0.9906758942492639,0.4700408636780428,0
1.686360169536967,-1.958398851091548,1
-1.7105505550130993,0.12990413751224275,0
0.6713353850367374,0.5737415264873418,4
-0.03178526821915198,-0.9576947111630628,5
1.549866610110838,-2.001175872473663,1
0.4164814640405488,-1.690701008540211,1
0.505339593209989,-0.7265721072359158,5
0.4422938164077323,-1.2739825321988578,1
-0.4825309993892672,0.7736069752575585,0
0.9792968380971167,-0.7589626427696189,5
-0.8493503960007429,-0.25540604709222825,3
-1.3244849293338719,0.44230629348481015,0
0.7492141385740744,-1.5002024199512982,1
0.666999370499022,-0.9612684484829572,5
-0.7114939238035651,-1.674277816377328,3
1.4251988603270742,-1.0738165379315898,2
-1.5289700090882214,2.2140339915883116,0
-0.5957780805861531,1.119365751836316,0
0.8189145739393741,0.1856496022471865,2
-0.6175636462689039,0.6626546021800167,0
-1.8175346770204257,0.20621727006827753,0
0.39980410639822966,0.6883799179995432,4
0.19054199582411177,-1.0430204823050666,5
1.0469402119458764,-0.061072098902545294,2
-1.0972170056254573,1.8580542629269603,0
0.6233008544118296,-1.7906193780837911,1
1.119467919509423,0.35399288600608425,2
0.4922243158701684,-0.1618596858617674,5
1.9096625549796231,-0.07674529928965192,2
-0.7977679991332324,1.0591126635926456,0
-0.32231649111134675,0.5361070784028524,0
0.41229155574397497,0.6601564193617198,4
1.4188549167330708,-1.5970355741107531,1
-1.3932728981381226,0.11559196242297536,0
0.5073838586142914,0.8343794462291755,4
0.5662103306457378,-0.7705598303535613,5
-0.510088983566332,0.43129962766681273,0
0.5178344896626719,-1.538407318430533,1
-0.48006525771237524,1.0489226908674822,0
0.40178864508358225,-0.656207875096113,5
1.4534177579416654,-0.6395916081967958,2
-0.9213563449662195,-0.9157877032765457,3
1.0982708942974433,0.4704546388106837,2
0.21457487008797793,-1.6040806424117853,1
-1.1360205130429135,-0.00833291909512932,0
0.6508916473597055,-0.8985885027752307,5
-0.6473259164223628,1.0269536856273562,0
-0.5441343200196678,-0.9307145027153183,3
1.4988275523119796,-2.9325813075470664,1
0.4714063091997353,0.533527627702595,4
-0.4317987600855284,-0.4170183583402348,3
0.5002025650968247,0.683969043582408,4
-0.9663787053336869,0.18111201565332358,0
1.1088451173460698,-0.19766164314402312,5
0.8333353890491834,-1.1104293955563334,1
1.0300495857647631,-1.3277225027665747,1
-1.1191565511931953,0.26913407489630403,0
-1.567238788874796,1.6632855027751658,0
0.7794066924145274,-0.7629885703024232,5
0.3938266273218804,-1.6896259452370739,1
1.3950729039109229,-0.33512181064409075,2
-0.25304049472224327,0.29776936693644374,4
-0.48072267815715714,1.3449368007496572,0
0.6623380695636434,0.5232605876863868,4
1.685494264685504,-3.618159547120549,1
0.4175153783884137,-1.1637870107332762,5
0.7328745867690979,-0.9815691416575033,5
-0.6007460270961593,-0.26532015279103643,3
0.3361133478945373,-0.9854078718933774,5
0.9157720947409097,-1.6956199850665772,1
-1.0980958679816608,0.2478595560444553,0
0.5279450323239184,0.15034746445782463,4
0.9648819022820727,-0.7189564869132941,5
-0.9472124346758252,0.5097176627269341,0
0.7648971114804235,-1.64704409888673,1
-0.05835566919733631,-0.9499836629026398,5
-0.2753378011457063,1.1124156202753468,0
0.5587672932271444,-1.5187072928035807,1
0.8116263233677912,-1.3791417993529178,1
1.1346744966122422,-0.5840388286273922,2
-0.9692121334995029,1.7879884082376416,0
0.9767023283348429,-1.9252087974611578,1
1.1708220959843187,-1.417603814640376,1
1.8704032177626542,-0.6914113328773418,2
-0.5526080439379507,1.4040318470835458,0
-1.1573107308423276,0.7984189843955997,0
-1.155907689001902,0.11649583471288853,0
-1.2029905116545767,0.6162629215933384,0
-1.4407897741432578,1.0545307844787692,0
0.8149510876628051,-1.3983276083008693,1
0.09169047182530933,0.6990082427009586,0
0.6994493660582489,0.5914280802117444,4
-1.4355893418699184,1.5909339169227945,0
1.0532789794548263,-1.9212516376651336,1
-0.5301411371500991,0.8852726526927385,0
0.545001201003243,0.6302585110262335,4
-1.2822319819864103,0.8032797624135837,0
0.1618550371711212,-0.6286207490278234,5
0.15187001169093878,-0.6488477963604524,5
-1.1206469409101754,-0.6533327400662541,3
-0.3393826545918871,0.054523637742960845,0
1.9873084538567463,-0.11259071913635013,2
-1.9549464093820408,0.018591326642751736,0
-1.077357277903827,0.16481419757569052,0
0.605716333101805,0.749757578929334,4
1.1486383982878754,-0.5705126044037946,2
-0.8379394340142879,1.2252948450075676,0
1.992936299337796,-0.07940637356690826,2
0.4313195938046226,-0.9717685196617566,5
-1.2012049236958107,0.37436346481630883,0
-0.6639864200861034,-0.11837474636329812,0
0.8630185423388249,-0.7112000959849483,5
0.7324981966182447,-0.08102558275856753,5
0.39536137689498857,-0.1551660952216449,5
0.5655085734009698,0.7268939833497581,4
1.419224678267163,-0.044889814010250086,2
-0.9441443995893875,0.8730942761070973,0
-1.1537637522579178,1.071950702313978,0
1.4370596229537627,-1.3610424190166988,1
0.7243193366288347,-1.4271043653991227,1
-1.6543000441450497,-0.6600155074097843,3
1.2338978917744359,-0.3038849639883859,2
0.45104976953507164,0.004040056634665701,4
-0.47308103585279754,-0.10537886366742026,0
1.1653971899279343,0.13536212775355935,2
0.6569467561841152,0.42635942799425236,4
1.1226362599772375,-1.2342065111300715,1
0.36947480707631947,0.716375619275432,4
-0.5505982242848121,1.4287895534226245,0
-0.6799757849504185,-2.0422976578227554,3
-1.9996527173031577,0.877145305557588,0
0.19087251594710178,0.7509163999806631,4
0.8840421629367369,-0.5122303215777058,5
0.6165559429088169,-0.49347605558384683,5
0.4028038379121602,0.5986128859085188,4
-0.4602742139882037,0.8520615114190945,0
-1.9706790796219928,0.8784855989069711,0
0.8114072101181992,-0.9852055660200228,5
0.5827647994976044,-0.7300098673660658,5
-1.7773469415061534,1.0854251474804595,0
0.37317802503936554,0.5792920482916474,4
-0.7725167851115818,0.6623995009777326,0
-1.0988763616653765,0.11085184976341936,0
0.396987947219993,0.688520993486763,4
1.5019616775893956,0.14411737852518305,2
0.1974470431796808,0.21339877288093684,4
0.2856787853587643,0.41657196672070157,4
-1.7796030459735204,2.3160386319828596,0
-1.9810437461571824,0.16129118916500293,0
-0.747046284920011,-0.5279476789818852,3
0.4553703134575719,0.8503853740590603,4
-0.6244787230097381,-0.6574185937695711,3
1.3619998644897335,-0.9878093056203234,2
1.9692936603877165,-2.443564091495573,1
-0.8873897449517495,-0.08906969721936069,3
-0.6175925700939481,0.22941264457028873,0
-0.931824786819552,0.34418891031292065,0
1.0112364762790766,-0.7556445317258429,5
-0.7462096958466147,-0.05347041844390703,0
0.3560600315398631,0.7468205190607099,4
-1.1341313226864964,1.1336641225645405,0
0.0016715047073527457,-0.849060962584859,5
-1.9500964868342048,0.5030880464073717,0
-1.110751649608732,0.9052563198262353,0
0.4206602477890413,0.686415633660553,4
-0.8982170312956341,1.6968468513697124,0
0.5596957491645571,-0.6342204583954476,5
-0.05885299990168222,0.6583471503736922,0
1.3852046112536238,-0.8437388140303462,2
-1.0791955028435787,0.11009796227822304,0
0.3930965341815612,0.027227673594174308,4
0.35239490218507535,0.6626113259320573,4
0.8486898131255626,0.5417940008431704,4
-0.3433156607593926,0.526700803807394,0
0.009894632328650186,-0.4146522231264071,5
-1.276729100341063,0.6831621405761843,0
1.6169595897371947,-0.10523975297259738,2
-1.046632509542885,1.9614998753477582,0
-0.7771267056211304,-0.5886200471644937,3
-0.9752859407871394,-0.12695980545582394,3
-1.497048296991596,0.46974116507424946,0
-0.4622218168682237,1.0854387485870916,0
-1.034987632317613,0.574874246287099,0
0.9335713717054034,0.4486651918895168,2
0.3451802234952938,-0.3670697089212281,5
0.3999467888146434,0.7147545469184609,4
-0.5085413341285927,1.0497543739719686,0
1.7171781996535236,-0.3092201038862984,2
1.8657633243773655,-0.21757616990777356,2
-1.1157499378914408,1.0088342677953113,0
0.9569620655790194,-0.9587786837839378,2
0.3924760380140409,0.2776285164049359,4
1.7043023940626072,-2.266166281807767,1
1.2042161449044635,-1.4783040964265663,1
-1.8912637666109486,0.4982510491532835,0
0.10634098291550122,-0.7502231950270498,5
0.3632673207629803,-1.4014323022308897,1
-0.5695754122089313,0.7767907012710209,0
-0.45000902281630745,-0.43691711595078603,3
-0.8167728543273222,-0.9402861925118229,3
0.38217676998802513,0.020592400027206016,4
-0.32004887014287586,1.0853221991299404,0
0.8623705057097876,-0.8797496998913924,5
-2.2134588195882667,0.9227503069501106,0
0.30629282660997836,0.4505428559811178,4
-0.7189035068816632,-0.3571862776978733,3
0.7405259933140718,0.6944516687591793,4
-0.88565937625246,0.8158091085242279,0
0.2908111215640562,-1.0119083660957648,5
-0.9543315805882718,1.3769977254077326,0
0.36452484429175736,0.5374200001606566,4
-0.7768920295323283,0.24787288614520647,0
0.248220841028444,0.4940241199625059,4
0.650965853283202,0.6261777386827048,4
-1.092518019562914,0.15862186614678372,0
0.06721843729210962,0.6045481344048168,0
1.4126110594878318,-0.157787399389227,2
-1.2371878912840109,0.40843032402652907,0
1.8516370504115052,-0.46969161597262155,2
0.8938178739920727,-1.8386845875987783,1
0.656146272897968,0.6584290788324276,4
0.7038381328571687,-1.7124281579896468,1
0.2235421665732115,-0.6363776311543887,5
0.35065172584539545,-0.48347998755068844,5
0.2572989449295935,0.1033236796437576,4
0.34352937514091536,-0.5327794424353168,5
0.6770850702575436,0.14792243628322513,4
-1.0255672266478009,1.769553658151304,0
0.1825865490390617,-0.8028018546767249,5
0.7217567133951299,-0.13339583890304582,5
0.44351621403177577,0.5840264698281827,4
-0.636801090978475,0.3948295054404308,0
-1.3719160483303576,0.505905677381479,0
-1.6597191170187071,0.8256260247470082,0
0.37915966573420357,-0.25218834371919735,5
0.40239175698314056,-1.1543527039689825,5
-0.7575842869010879,1.0577927126203432,0
0.5532682158313126,0.7939463206426398,4
1.3507927756984208,-1.1183158354211367,2
-0.785360208468677,0.07106857928779621,0
0.05892519619770599,0.7269526391802635,0
0.4435053892123945,0.6854164519976108,4
-1.8774407605072723,0.21850215195626538,0
0.013026924649406937,-0.37314130723999595,5
0.5992903445245087,-1.8100274457115249,1
1.3379525225493096,0.21033430638319542,2
0.7455629120223295,-1.3129439774080753,1
-0.7270256143838011,-0.2602986344229731,3
0.735921571674337,0.26756086894910175,4
0.9071912869600569,-0.5944879507048869,5
-0.4310067037885886,-0.730386430006734,3
-0.06210520678137768,0.8674011374696836,0
-1.0811756147657097,0.08294099025900588,0
-0.9994548919068001,-0.33225356932554867,3
0.3055006780887979,-0.8833424076215162,5
-1.2923510323331977,2.0770204925566884,0
-0.5011853448579354,-0.29043221622815,3
-0.8206233428624247,0.060221993242862655,0
0.2962597753604313,0.7488967288194269,4
0.20857272102939586,0.06526531064473791,4
0.14786933599245744,-0.5854838318655211,5
-0.789181715538544,0.13310934074009337,0
-1.9456112304315767,-0.20887884663841022,0
0.04550150949477908,-0.7063255305436084,5
1.2392306081819617,0.2545665106609437,2
1.9467712461395954,-2.4852209440368944,1
0.05055777223586604,-1.1242820293987692,5
-0.8871725338269971,-0.36667514132908274,3
-1.5470038122772491,2.234365071294743,0
-0.864255503613988,-0.13982386073957107,3
1.5950422125695316,-1.8560721879853197,1
0.3985543873451997,0.7148563943075278,4
0.4316591288463948,0.28881443566039655,4
-0.2695413121266415,0.6033780157966038,0
0.9671558636665939,0.4130327657098248,2
0.10111355199793537,-0.7912700303183625,5
-0.1254612604875311,0.849954457806128,0
0.07834595962647302,-0.39568125407308674,5
-1.1045204040273313,1.6275117131644452,0
0.31004066957372145,-0.2864276473447212,5
1.2791280794509927,-1.358742053537032,1
-0.6975915587473989,-0.3294838555747528,3
0.42354716600990466,-1.3870684666497595,1
-1.2482445508233542,1.9600833616003475,0
0.9537581726693176,-0.268830542491531,5
-0.5177038347309247,1.366112673468747,0
0.6714310907344825,-1.121241292851381,5
-1.7325112199301345,2.131395616167715,0
-0.8966208373272997,-0.33638964380216607,3
0.5477697840051652,-0.7283934529223743,5
-0.06590204386892987,0.8675254105937225,0
-0.5287753884838975,-0.281336006210713,3
1.3040289220835009,-0.6122257922879456,2
1.3160165276145894,-1.6745477720883237,1
-1.4740849125734603,0.7151067698453027,0
-1.4504021330260148,0.0741409896450047,0
0.37440742017705075,-1.3204899661629719,1
-0.6503900665629516,1.3240403181326539,0
-0.954826847775357,1.2811297924895793,0
0.8412679526964576,-0.8792996269117477,5
-1.4975965815846182,1.6119482532123302,0
0.4159575612290485,-0.1962820708827039,5
-0.6634682582330895,-0.056692034464044694,0
0.248220841028444,0.4940241199625059,4
-0.41058972266719235,1.1069263288574167,0
0.45104976953507164,0.004040056634665701,4
-0.8379833673333442,1.0604319878637876,0
-0.9000612738665938,0.506553770954646,0
0.7958379381631102,-0.05816078459045458,2
0.5281862793893723,-1.7853064437282715,1
-0.49615197678261347,0.9344723604833967,0
-0.609172854992025,-1.0733033544625707,3
0.5132467490811055,0.7494365216761651,4
-1.060426418901107,1.8861419537540758,0
-0.8226626627421111,0.895820827411573,0
0.3083780972137796,-0.5317346640367392,5
-0.5131178809938973,1.3950154482913382,0
-0.543322815937669,1.3431890162157176,0
-0.03867675861241655,0.5993073045455665,0
0.8942653459704767,-1.8592805585941043,1
-1.0819480618850876,1.8122026462031418,0
0.823031406059317,-1.6905981956926328,1
1.9887389900465684,-0.343700162341542,2
-1.0305543903823464,1.3937651797005444,0
-0.8018840242911519,-1.911543276226495,3
-1.1381632508719335,-1.2348067382934698,3
1.2291890146629065,0.2970015565251916,2
0.40757229187820726,0.7144426869265978,4
-1.162004967356889,0.5588847651253567,0
-0.3151902324049576,0.8219347555737642,0
-0.5521032776548201,-1.2157036708216562,3
1.060115400453046,0.26920153841722155,2
-1.2051199691940142,1.5138023466736263,0
-0.9162291733179102,1.5801167011376922,0
-0.07420854219685599,-0.45249624342901534,5
-1.4280045558052243,0.9799155205648694,0
1.0338108012423295,-0.9079659999361624,2
-0.5693737178114324,1.0928476591910325,0
-0.5304853525715907,0.2262278345333022,0
-0.14931300635783376,-0.08222961097487883,4
1.4672073327609063,-1.6667880782761035,1
-1.4373262239055864,1.3916158661114315,0
0.5180488072520799,0.6830755542044099,4
1.4073029900065606,-1.1567147402192204,2
-0.794406172224596,0.5856042828748814,0
1.455875868063384,0.21354027181490595,2
0.3136657390273946,-1.1489109910172532,5
-1.148594284270823,1.236581409063799,0
0.656146272897968,0.6584290788324276,4
-1.6292816156154326,1.1425919024411064,0
1.5187139097808737,-0.19811185162660838,2
-1.2637196733646354,1.9953059083568183,0
0.51792226407638,0.683073504722615,4
1.0360294396150624,0.3423453252079732,2
0.4499381677988731,0.743244867761961,4
0.5928693245277247,-1.7151690265544455,1
-1.9092057029358778,0.7729623878226766,0
-0.029227094804646973,-0.6709015248072816,5
0.48928639764842663,0.6844146788411115,4
0.04232768168505802,0.37207280473409526,4
0.8474665393713153,0.31498431965303014,4
-0.6960346061902484,0.8090211062181175,0
1.1064355863390776,0.32247166951534895,2
-0.8491586733483997,1.4167281836164984,0
0.5263712719002278,0.6825257680064097,4
-0.7984889620745506,0.8949749334374627,0
0.5722831349948806,-1.6705168140092737,1
-0.7637637946877672,-1.748046661243283,3
1.8053066968037657,-0.49043714832615576,2
1.9549240873672944,-0.36932102234027603,2
-0.2275092994573601,0.5987067216871299,0
-1.1494938048552026,1.319055842878008,0
-0.6688901093617906,-1.2377817220443839,3
-0.8172295372009787,-1.457683870406812,3
1.1069961021710684,0.40242037954040466,2
0.539889200241285,0.7481898608507416,4
1.3729696949137529,-0.34597496858091764,2
1.8309606771068718,0.05822727155844461,2
0.5253747314228384,0.7992767518137301,4
-1.0022955596748486,0.08029712485375201,0
-1.167500759264354,1.8760537098529668,0
-0.499601439768679,-0.6003425918959993,3
0.30767676650608355,-0.6148945055429325,5
0.4024385261972679,-1.149687117920457,5
0.9041687184203889,-2.1130999370570738,1
-1.9355912058549505,0.712764652525637,0
0.5177814030885544,0.656197023767177,4
0.36694239880694546,0.48813707663356876,4
0.46349712439557117,-1.4772909748998813,1
1.0304007986999784,-1.4108866464907686,1
1.477888766480393,-0.18589312904367533,2
0.04095898184340265,0.7563782351176161,0
1.047459192288903,-0.8681189583946307,2
-1.0660976212997093,1.440088770065145,0
0.6457960740392541,0.4609015467912016,4
-1.1179160084513686,0.454250910579615,0
1.180247896771797,0.1715183405065241,2
1.291138556591868,-0.23310046951344687,2
0.5177814030885544,0.656197023767177,4
0.1335504401879899,0.6976330912228934,0
0.38913596449631477,-0.2222469220054854,5
0.42058899304099856,-0.556728009969894,5
-1.9370196439434628,0.8267036626060154,0
-1.0715850899701145,0.9865960690480495,0
-0.8910374093424875,0.4043715539712229,0
-0.4703483972456215,0.1004230870009333,0
0.3412065003289184,0.6903559741554686,4
0.5835162886600244,0.018066964182102133,4
-1.5502311762542196,1.0054471688226574,0
0.05106623901636429,0.6012428453256446,0
-0.39118751936537316,-0.43953738690838645,3
0.31575790339260795,0.4799229229343053,4
0.4212676826995095,0.3159581792061883,4
1.4787356500837872,-0.13517639820777616,2
0.33385522602211176,-0.48403578669089214,5
0.9149878083355858,-0.04471315206610319,2
0.8427241963912195,-2.0220627174446837,1
0.21502933958010556,-0.6101341351952121,5
-0.9856723146012009,1.5098175612178293,0
1.0983029537464222,0.2683042380194424,2
-0.8097732079648134,1.0479220864239052,0
0.5715126591684409,0.5690939962043173,4
1.085950013444463,-1.8032970321503234,1
0.8732847710333461,-0.486682328279101,5
-0.8085009170306968,-0.2983926237545346,3
0.8069789252355375,-1.1987274065150668,1
0.2660570768544124,-0.5675469364791991,5
-0.7863703520204912,-0.7751134401688174,3
-0.40869800767239345,-0.025503325223989754,0
1.4693863608255748,-0.8264781290749432,2
-0.5128162616399732,0.14319567066210734,0
-0.4379895883967594,0.5235795615819053,0
0.5344949933264125,0.7895963886678306,4
1.2402502393017503,-0.6713069495716338,2
-0.8932078490254456,0.05495463868529124,0
-0.44540520063405475,0.7996822273918657,0
-0.5443557619310895,-0.9307176023447818,3
-1.2750839007209303,0.7961970412363831,0
-1.1509905811003531,1.1548585761229657,0
-1.5628524199059683,1.2098284390285399,0
-0.9249571018063875,1.7263683495053985,0
1.685974545434801,-2.5276459965601212,1
-2.0104598295961296,0.8442966684956158,0
-1.8547313270426693,-0.18923656219747612,0
0.44545612771634946,-1.456318610642683,1
0.27350670830563595,-0.9416887663952502,5
1.033657074974004,-0.208251518889314,5
-1.4014962793759997,1.8925172649510695,0
-1.1128817873019028,1.1942285626641675,0
1.4073509466076628,-1.0103467625869422,2
0.3050997217079415,0.15909726123645326,4
-1.6319725919254364,2.152186321810376,0
1.9156322526362854,0.00611553806513765,2
1.8066336767079756,0.17725377299545808,2
-0.8290000238315555,0.38143991898311186,0
-0.5325056742593502,0.28794443910272616,0
-1.1659501240671117,1.958320519303526,0
1.7354947853968876,-0.5342666209601938,2
1.7476476452253948,-0.3435373216961251,2
-1.8154032712441104,0.09226941842187242,0
0.5548547031991422,0.7477487649400641,4
0.1870768547184535,0.9077995065551038,4
-0.6803046680933016,-0.014899086168206751,0
-0.5584210756789048,-1.2725656458184809,3
0.15202331142219241,-0.7933475951062441,5
-0.8022344994325241,0.5661047168943811,0
0.9455354024169935,-0.8871074920152325,2
-1.489411542571579,1.228741717709866,0
-1.4441863811157256,0.7673954362883969,0
0.9002455456616781,-0.06080864733221324,2
-1.465907770260327,1.649474214264148,0
0.5454818160653713,0.6819014890732347,4
-0.15321713481241542,0.8301710978777334,0
-0.44632748907599124,-0.42331946474562165,3
-0.6504294001983761,0.7523109114398513,0
0.9469574193932859,-1.3227409577625964,1
-1.0761203203790672,0.3290840261491257,0
-1.6150568461688763,0.4243347093488428,0
-0.2783908959064761,-0.3765556423015292,3
-1.1915763448760883,1.3992764056549862,0
0.11274919527189474,-0.6778849900887315,5
1.7050413061452383,-3.6168350906758353,1
0.7321291498219353,0.3291685122255626,4
0.4079088065763453,0.6869559515911255,4
0.15190332769507325,-0.39671503979651696,5
1.3871455855168826,0.2966133406328418,2
0.10632032468732526,-0.43953855562130867,5
0.4177829670004205,-1.6355122745283677,1
1.225925544898687,-1.4252122533078722,1
0.042306320247088386,0.7820136616814939,0
1.5452391900530267,0.0004486361827176421,2
0.1916525485096144,0.8359931506142971,4
1.9767378275531755,-0.12764826196396992,2
-2.235080595033214,2.0746367419622778,0
-1.0969173690925424,0.37096933662915665,0
0.46361784591653327,0.33403870769743166,4
1.0536419279237577,-1.877544625803365,1
-0.8744500164393453,-0.10539138075052827,3
0.5778073204380061,0.19665811429256802,4
-1.262410273704858,-0.3340742374975453,3
-0.7348207408678136,-1.129928893785604,3
-0.5363657195306074,-1.0855966544700768,3
0.8144097083591841,-0.3446525785559266,5
-1.0846309801026828,1.5027772016436194,0
0.8903581164760913,0.48700423826879874,2
0.9119593720291416,-2.3155395688510363,1
0.5618380950405545,-0.5386932984063838,5
-1.1640530139546468,2.0199874281739656,0
1.742835649893396,-0.46748550971831515,2
0.6419515224391903,-0.08768473871675737,4
0.4721955641855715,0.7916908066326763,4
0.7339474082152336,0.32546342175358856,4
0.3466356256439831,-0.3671104614273415,5
-1.6338697481500215,0.043866129097956445,0
-1.684635222761807,0.9490216656990857,0
0.26462731304248227,-0.7707345105673836,5
-0.47921088089000524,1.048874756706243,0
-1.250574941910387,0.1509791113626085,0
0.9361856174535289,-0.08559660470023689,2
1.9114451687068754,0.07292779804300234,2
-0.952090623951114,1.7866130873810213,0
1.0530052002912011,0.4075431694103988,2
1.7274431948489497,-0.2391545032649332,2
-1.0979090677977914,1.7811333827952909,0
0.29659702785241226,-0.6982024517508436,5
0.8760747039453306,0.39043094485199276,2
1.3640335817473765,-0.946426846510939,2
0.8113301567715606,-0.6695576067543597,5
-0.9831377621183965,1.7545293643550077,0
0.5228433376200291,0.5494654144971004,4
1.2892820251419121,-1.4041902441647505,1
-1.6983033959063525,0.5117202605191082,0
1.428132755266688,-0.6799434659016117,2
0.8184360223944246,-0.6237135104427777,5
-0.9445074633385379,1.0026619738619897,0
0.9209380120949869,-0.6585239250398216,5
-1.2089993700261716,1.1008864212861562,0
-0.7756166721425392,-1.1073846616726812,3
0.39138126720044264,-0.6564193612930864,5
1.7352063425802347,-0.5585723742163884,2
1.3994750893357042,-0.7495516425094105,2
0.44218486500453574,0.713697200622992,4
0.427490651155971,-0.11941527335765838,5
-0.8204712996863264,0.07773552666434413,0
1.147417095826648,0.07456572357693758,2
0.6165469164620455,-0.7458914373827544,5
-1.9173079706998521,0.10088408490425521,0
0.36524269466511883,-0.1874007176973442,5
0.4407402876752277,-0.899855776983857,5
0.2774614909201938,-0.43722113371050775,5
0.6554338061141195,-1.1063413060547382,5
1.5741568360968226,0.07166123522493423,2
1.6463252034646467,0.1727074803382682,2
0.41748501355973294,0.7345073848117889,4
-1.3572017411271315,1.6347946060440481,0
0.21476784929547654,-0.8655873910420698,5
1.2560800331870237,-1.0041058025444067,2
0.19837307823102335,-0.5720076590366685,5
1.594467966854826,-0.024777690099726562,2
-0.3183428832251903,0.9385173431155875,0
-1.3670061339190027,0.6495689487932622,0
0.8949378335493801,-1.3196447158277087,1
0.7262331162713969,-0.7990891082893333,5
1.0287475294595299,0.21847405203620052,2
-0.32330956165197,1.0858271169203098,0
1.424246702761791,-1.0110460423914398,2
1.0768082632945477,-1.6424822233925833,1
1.9873084538567463,-0.11259071913635013,2
-0.9859385544338116,1.8688983421677348,0
1.0450754610110906,-0.4641906035512988,5
0.5368761999658428,-0.8810267133730866,5
0.8846137802607489,-1.9066435580539263,1
1.5006958538796191,0.14422235941980982,2
-0.11629840251630763,0.33402722382406463,4
0.614893970006357,-1.594680888894437,1
1.1043611866667777,-1.5392097837155747,1
-1.6129401040455071,0.670193951291309,0
-0.7257283537385878,-0.2603414872244239,3
-0.8069396875747568,-0.7219379917425591,3
1.6397999816125661,-0.4007110550577278,2
1.5667987948369757,-0.8719459845650399,2
0.1370404703085753,0.13778749468526943,4
-1.654423786009646,0.7326098526033988,0
-1.8192157979793262,-0.5683528401512965,3
1.4509491457854893,-1.9835458573465008,1
-1.286153679157435,0.2347689229252382,0
0.46979451780805964,-1.5334408650652918,1
0.10422054029484608,0.6984646896379819,0
-1.2498585901807717,1.8984906744596832,0
0.22185273390532245,-0.8564711265908793,5
-1.4488899783899716,0.8100055519373609,0
0.3788549107563446,-0.2798706267194071,5
-1.0622397663540026,1.7500389497182833,0
-1.9160787023704569,-0.026083514891562284,0
0.7877011785360155,-0.9909496537587413,5
-0.803956833095465,-0.36986232266728775,3
1.0672159747104737,-0.14954016603743614,5
-1.3338399364945104,0.03086775653560662,0
1.29824200132858,-1.1616970813029142,2
1.5115835932083073,0.1349847182196332,2
0.663240748828018,-0.31614974062931844,5
0.648962685302803,-0.028158674502610663,4
0.29806962982050045,-0.4909629505053679,5
-1.1131918105890561,-0.658874809875186,3
-0.9921839218508677,0.4288565776028083,0
-0.9454073297638196,0.18199403809588235,0
0.06721979759949476,0.7104252113889264,0
1.2392492951171994,-0.5470932266219427,2
1.4068379954239154,0.174908166475435,2
0.8131643238450531,-0.9023479129840949,5
0.09140577561814425,0.6990036525393899,0
0.5379704866021779,0.047668256605330916,4
0.3298821599533278,0.6597605475537117,4
0.44218486500453574,0.713697200622992,4
-0.4428695645165871,0.0478490005751399,0
0.5866055468481527,0.750442342982471,4
0.5322425663003529,0.571575783168255,4
0.8723976661363345,-1.713920146868431,1
-0.046031595080230026,0.8667942198493792,0
-0.7655147870311014,-1.8306637965797574,3
-1.195221104203493,2.0621309056098887,0
0.9060930231536323,-0.5124693826206689,5
1.5528237686132613,0.04248991053429487,2
-0.39905211375288957,0.7154403441815795,0
1.6911285312787736,0.19440090649608863,2
0.2621380196020701,0.4792581794388256,4
0.6440563791644933,-0.5717206807701533,5
0.42186980318856315,-0.6626996679987875,5
0.9884730685821633,0.35996080764608807,2
1.017270419641987,-0.8918883233052872,2
1.9551207670721606,-0.11688060637539316,2
0.24969073390975105,-1.2637112238405046,1
-0.5806551278065425,-0.43155690801080204,3
0.2842536327585369,-0.4681541489229739,5
0.5479150141161029,-0.7077371831233288,5
1.0224415822493802,-1.368848658085138,1
0.146558875753913,0.49794245816943944,4
0.6300369123884813,-0.5029856342253439,5
0.656146272897968,0.6584290788324276,4
-0.21302502254710223,0.8114826524318187,0
1.0658606127985923,-0.31472325047881405,5
-0.11559617262234752,-0.8509588335506003,5
0.22826380521301098,0.7213019976492623,4
1.340963908900705,-0.1107878526619013,2
-0.5319797079306711,0.06158489864394152,0
0.3914486946427459,-0.6490168023889411,5
0.5733380188276925,0.7608651436160554,4
-0.1150813308417497,-0.8099909625914999,5
-0.6057678671423883,-1.73030495782666,3
0.7219170798082059,0.505667886678523,4
0.029795653450654096,-0.4569455498645881,5
-1.0195873151573103,1.769410296052023,0
-0.8372587500067786,1.1634596584368846,0
-0.4567709842743691,-0.8305285487622015,3
0.4560452103945564,-0.4204860646178338,5
0.8815310354090811,-0.9466989702687426,2
0.5957593437884736,-0.12714356436593924,5
1.0783287411675686,-1.466152803488936,1
0.9748571519935699,-0.7302675092483644,5
-2.2212548106744943,1.0587919620347557,0
-0.4019827001481584,0.8254278855887137,0
-0.8260470730598233,0.5943514034710364,0
-0.7944077169804623,0.5859768481790449,0
0.5316576917428185,-1.3719999650228478,1
0.18261271766520443,-0.8013091544073825,5
0.43343027218466346,-1.0752429942064794,5
0.20906525607363974,0.7504034536419102,4
-1.3978167745688133,0.6107294392827206,0
1.2478050179066549,0.04036573273872389,2
0.779346124149505,-1.9598779841301137,1
0.7219579812555569,-1.3024968201232183,1
-1.705090350131571,1.0344011468145067,0
-0.15275139090785642,0.2735414431751541,4
-1.0886232403399458,1.4615535350296045,0
1.3275615259956384,-0.1542109350730757,2
0.7729887273454269,-0.7554877040231109,5
-1.5361801457344808,0.4304749907147522,0
-0.7979670420840594,0.9358441921399003,0
0.03954059619629744,-0.9540284761560348,5
0.13083937052332484,0.3889463239448172,4
0.41422877186983853,0.1547496328116329,4
-1.1103171697191179,1.0916662599638631,0
-1.8684889346371718,0.2503268103193455,0
0.6450684824812567,0.674862924913107,4
-1.0906625832756924,0.8232134289663594,0
0.7542985988744336,-0.001353840720837359,4
0.5554537111203212,0.05851187852350067,4
-1.1193412993878749,-0.4780239451640817,3
0.7524848709965866,-1.2929997585648292,1
1.6863506704410036,0.1946381213116677,2
-1.3785623144881607,1.8448345971433395,0
1.7490807982778396,0.1319305330064811,2
-0.976126172717794,0.28426868501496877,0
1.6133234187915002,-0.5436469298070211,2
-1.7482906363281536,0.09744861138592568,0
-0.5177038347309247,1.366112673468747,0
-0.5948652566562127,-0.5307764889478637,3
-1.6150399114940464,0.4279327186308527,0
-0.6115474791268144,0.4083946190045892,0
1.6488725751157487,0.16065999958234245,2
1.439341953687382,-1.0389896427910292,2
1.3568026831206295,-0.6648993378639004,2
0.5690923725103295,0.7473580422433146,4
1.3013035922468195,-1.6738049789056006,1
0.5725018217073189,0.6735661449417089,4
0.4959594549459146,0.647011737511253,4
1.3764395279272834,0.3311361163865957,2
0.7051284305727076,0.5722296017400574,4
-0.362253215319469,0.16527158771364217,0
-0.616265532549547,0.4558372603108447,0
-0.6397277578438456,-0.26378636125847005,3
0.16732753093172748,-1.0006238515213284,5
0.5852899796927351,-0.7714710028638537,5
-0.5478635106323043,1.2606174606771916,0
1.0585741490715483,-1.3155723446657703,1
-0.9026616283395836,-0.8454278241682861,3
1.9777060782472158,0.06858799491239555,2
-0.44269470737081157,0.7720793152324491,0
-0.499601439768679,-0.6003425918959993,3
0.15311586885426187,-0.8760292128991852,5
0.7372098058726971,-0.6785858281770449,5
-0.4864227582686831,0.7737301643580732,0
-1.0076593210647888,1.7552790004355052,0
0.5322425663003529,0.571575783168255,4
0.3781665836655093,-0.9003596107507019,5
0.45888698485341023,-1.360408485499613,1
-1.1033833945150568,1.0830913974667695,0
-0.810551730355509,-0.2340279531887005,3
0.3632431925980382,-1.403609478609801,1
-1.5396176195702502,0.38904266652758723,0
-0.8553522338025539,1.5570157044260542,0
0.9832055547073408,-0.14482944057563926,5
-0.5707741889012741,-1.39578692837616,3
0.06043582913386116,0.781500478212234,0
-0.4236599254131838,-1.2880837969787695,3
0.6447729845107705,-0.45106655202196233,5
1.688249359893466,0.17080383356010817,2
0.5614162383428496,0.7145095237463552,4
-1.3924801847435093,1.7125498624010866,0
0.33258745407545726,-0.8851390070855675,5
1.4891003281470476,-3.5233969454724057,1
1.4207940234556211,-0.705772576964915,2
-1.5602571723498517,0.9233960800356018,0
-0.40706642265467463,0.09797600572480936,0
0.469214104597796,0.8682783664962629,4
0.6638175076530343,-1.730927475221849,1
-1.6727900690865307,-0.2215115137322988,0
-1.060822210724899,-1.0619967867863693,3
-1.2329000177960427,1.9804023984839627,0
-0.964472903087282,1.509126818097622,0
1.0921984703733338,-1.0897473802009952,2
-0.621704018624296,-1.1615521101065154,3
0.05474693121052591,-0.6315897028986064,5
-0.7870238875194242,-0.0930232661879423,0
-1.371973919036588,0.27948285705452386,0
0.3100702389684498,-0.9659307147096806,5
0.4461545187766629,0.04999553635397187,4
0.74031966464881,-0.2130786074915382,5
0.001391315959578759,-0.3831346144012827,5
1.3871428187899102,0.29729840956771536,2
-0.5940867342654352,0.8052143207977042,0
1.0258054842032664,-0.076644586737411,2
-1.1596834874363267,0.39413085233685274,0
-0.9612558451682982,1.833015421885255,0
0.608897803994852,-1.0000928663547615,5
0.7539993888785906,-0.6505911939867526,5
0.7323039723835797,0.24678284976810402,4
-0.00028464044225730853,-0.9640322339807069,5
0.4756178901910499,0.6999938910087389,4
-2.1205037556771567,0.4981030968921931,0
0.0956855449016652,0.3282712118277835,4
0.5725018217073189,0.6735661449417089,4
1.0372905253048461,0.4904641023142564,2
-1.1875281045294455,1.1031677655418106,0
0.6129599586726908,0.6971777166911219,4
0.35511170128023767,0.21540999204728065,4
0.713031378713133,-0.8397226088326821,5
1.1131944813414665,0.24693310557894263,2
0.9923700266026111,-1.6697897730420626,1
0.45355608987447255,0.8081195544156397,4
-0.8547270572552322,0.8027139868702865,0
-1.5038126793357278,1.8175008107393478,0
2.0148896670124072,-0.07907266372769088,2
-1.0616070965877051,1.7500500440205158,0
1.6488725751157487,0.16065999958234245,2
-1.0687288939468234,-0.8259688921286457,3
1.766735698205703,-0.5303841402158278,2
1.0506786710939569,-2.164448348673853,1
1.3150941469484942,0.5561712004006666,2
-0.7638684000239938,-0.01175673936153651,0
-0.5880691837599005,0.33739287945818586,0
-0.5063671593642177,0.8294410927839992,0
-0.932842988463775,-0.06690578795334443,3
0.23282895085743055,0.42873413376846653,4
-1.1348714221561025,1.0926854791223906,0
-0.9216699649984288,0.9814326791128102,0
-1.250871892412581,1.8573887572276206,0
-0.4234568361240868,0.7713354719018166,0
0.42037555158179435,0.6864110434987436,4
0.5521643609307517,-1.5306146127170148,1
-1.513607469279324,0.4498136977806417,0
-1.195261521473581,-0.5726583610410796,3
0.8634745681148079,-0.7490965389832793,5
-1.1131727778129978,1.1738640814855443,0
1.0990948717070013,0.3227922016944427,2
0.5861707787578275,0.52820486938485,4
-0.46608823713958053,0.8279858082610404,0
0.8109813301383664,-1.9792075278100714,1
-2.2389039696438715,2.03285712376695,0
1.6878357803207003,0.2187119443664822,2
0.036803150400948316,0.16527609318605357,4
0.391079855350978,-0.6946134025998734,5
-2.006136668810925,0.16251823594135012,0
-1.2935836322629983,1.0468549331041388,0
0.4285639798354301,0.24833520520207814,4
0.9663727646483269,-0.47424343037403605,5
0.5532682158313126,0.7939463206426398,4
0.6949338485791698,-0.7872743876901177,5
0.9670434538546203,-0.9296309366030241,2
0.28536660633010974,-0.15588532783257006,5
-0.5420736963421211,0.5927414931677681,0
1.149540028501554,-0.3487840459328069,5
-0.7629444400179011,0.5513299348044334,0
0.9549272531586421,0.5020995694757681,2
-0.7986730531715568,1.2239684915219273,0
-1.0542353485012037,0.767440406323113,0
0.4365651813680427,-1.1383971324150979,5
-1.0943117924223789,0.8780891512115861,0
0.893883975711122,-1.5281028287920857,1
-1.8189764299826519,-0.6923137823866201,3
-1.1606373857341101,0.16806401514297808,0
0.6319269212349926,0.39441884687518125,4
1.0423874012925733,-1.6608598928701592,1
1.455454115117909,0.16881097504100198,2
-2.153210342108517,0.5197155939254043,0
-0.9010074368567289,1.6001866497614676,0
-2.305278119014269,0.9174070368764887,0
0.45381390271779404,-0.6947118624159085,5
0.6228880587450272,0.0936403862469497,4
1.4325028581864303,-0.328275982462805,2
-0.43475557274696747,1.2946488181198827,0
-1.4371398733148488,0.19948792359267264,0
0.6660389127527395,-0.41945797001742424,5
1.1795785678729704,0.3375677121126357,2
-0.596660447463172,1.4714818177224218,0
0.3412346287199283,-1.5264874983716776,1
1.305566668944183,-1.9488200473911472,1
-0.3965578286758231,-0.9377287949133305,3
0.06143043290244356,0.7556537856439622,0
0.13355467097474108,0.20252173255288838,4
1.0654618813273358,-0.3842680455913574,5
1.6537033611352971,-0.47159573701107343,2
0.8901766307136364,-1.3332772251613145,1
-0.8024327008371966,0.35987410270906023,0
0.3462310033498083,-1.027870475665928,5
-0.10323330668718927,0.38861888111599735,4
0.5132057669375848,-0.16365965596116339,5
1.6619246788559954,-0.7248092649390945,2
0.5529664696690987,-1.368044278821001,1
-1.047829672311181,1.0683714093740035,0
1.420380224850243,0.3779804275706202,2
-1.1110183390343928,0.8786850761569838,0
0.9534003657014724,0.46566161225718533,2
0.8137656143160232,0.5184581267413164,4
0.4075573861365887,-1.475045809926218,1
-0.4321039185443991,-0.5205298929360621,3
-0.35089569727610487,0.80420299468462,0
0.07950313166167103,-0.22705375292002675,4
-1.557990312231284,0.5336682966809932,0
-0.8411693111016512,-1.1872663824371112,3
0.7323592377551768,-1.0850598257401023,5
-1.647523119305178,0.8443083386852251,0
-0.21554246743466635,0.41997661332246866,4
0.3058979800844888,-0.8187202814901072,5
1.3650422497114227,0.21573833258290095,2
-0.4301872223104325,1.2917440248863836,0
-1.1322469049340393,1.0710045022964485,0
-0.40795593690976734,-0.005050953457970286,0
1.0549319028544546,-1.73204002202284,1
-1.09727089916168,1.8491147620472423,0
-0.7804188340657433,-1.60226309080718,3
1.144085564578512,0.41477431710898155,2
-0.8748856030197648,-0.41976971144427444,3
-0.15468130979121436,0.2735735234935553,4
-1.82958992902643,1.0585754114156811,0
0.5427154233888359,-1.7592403211038,1
0.22490957527549835,-0.4526657067801088,5
0.7238949898767972,0.2844853372611284,4
-1.539581778927652,0.7172777977788293,0
-1.3139092768096796,1.715659010989976,0
-0.3999930891299819,-0.6561331452306718,3
0.4714063091997353,0.533527627702595,4
1.3315016910692885,-1.391107910599798,1
-1.9418251144110121,0.8109389130523589,0
0.9700516354139003,-0.9918358598542879,2
0.4097510547982248,0.7455778386338633,4
-0.7784886846217839,1.1512165283888958,0
1.4891003281470476,-3.5233969454724057,1
-0.32258146286064915,0.0539103176090777,0
-0.22994114872869564,-0.24832000609298485,4
-0.6943782820220344,0.10394678986425124,0
-1.1530850049592976,1.1344650634418625,0
0.2862511750607504,-0.9754663607271347,5
-1.2702016074673441,2.0761769190702544,0
1.427921446492925,0.12378743365581836,2
-0.9322422052260463,1.7908113746397312,0
0.3605401118575195,-0.7774591652538534,5
1.2659922706912863,0.3799019437975576,2
0.4721442068158016,0.5693072608772045,4
0.6480215946454099,-0.11907616033898845,5
1.881812807913571,-0.544224968365473,2
0.4284407336760861,-1.7004361995589075,1
0.7538772148259208,-1.293105416973918,1
1.4915044986204233,0.21957674099935148,2
0.9002455456616781,-0.06080864733221324,2
0.5653175309023601,-0.8118196762498079,5
0.18811845826176474,-0.8362393027801985,5
-0.794406172224596,0.5856042828748814,0
1.7580821946731708,-0.3919871732139472,2
-1.849853391384042,0.9145617124908975,0
-1.2029905116545767,0.6162629215933384,0
0.6467740543898596,-1.5454833660885143,1
1.8242628114907082,-0.36707936350489806,2
0.9306078843150829,-1.5452335325625015,1
0.7533268321315887,-1.334930598029266,1
-1.1294739989211255,1.1539768585619028,0
0.7644266987240524,-1.7903653439671035,1
0.30767676650608355,-0.6148945055429325,5
0.4191240572122965,-0.888651649522027,5
1.1767343955840248,-1.0294303006988368,2
-0.9403221547255957,1.4353490977900254,0
-0.8566410444023358,0.13579910776271917,0
-2.0337046708452657,0.5472097819221241,0
-1.0223716454470875,1.7694855848671542,0
-0.5656989279681782,-1.137246560104491,3
0.8976246021286929,-0.3730486232363794,5
-0.7028943368633158,-0.8149857699445185,3
-1.2003403445677654,1.3994373661971635,0
-1.2497416267972867,0.27443047789428326,0
0.45893682052329204,0.5653636344361016,4
-1.4449445565350982,0.6841197397776829,0
-2.2165707188255803,2.0537708660694984,0
-1.7432428121043448,0.9306324784725281,0
-0.6438310675856153,1.5001126212280778,0
1.9923036295715801,-0.07941597733703568,2
0.14982837467732987,-0.9378802702503931,5
0.47017555375458303,-1.6742679077257046,1
-1.445158366891183,0.6595467747446772,0
1.6891648698542092,0.21860806443330738,2
1.7889806097367713,-0.48980360438020454,2
1.8078293177763836,-0.03641522368072018,2
-0.3000795454483648,1.1348699123190786,0
0.9022698445194453,-1.0928007693344317,1
-1.1331573310339698,0.8248806739463428,0
-1.6108492884596897,2.2751390883756217,0
-1.1346893599921437,1.1747452400971583,0
-0.8941936799638364,-0.21062088923554587,3
-1.264883531656786,0.3574169772783725,0
0.3957988771282369,0.19085118707059692,4
0.6255142936434487,-1.5825960601438387,1
1.3060398253714665,-1.0062131102253267,2
-1.1623717546594674,-0.016863031749845624,0
0.012624861577745151,-0.5176841281660345,5
-1.0474605332906313,1.4393522438928195,0
0.3611471893990963,-0.48146112940685487,5
-1.8711072497795456,0.4742000075282386,0
0.8476937337692944,-0.41199839825574675,5
-1.1730847636506698,1.2374727642708447,0
0.4830393125550121,-0.7876030161695469,5
1.2458922642586465,-2.0138990724622885,1
0.415556293591421,-1.3999884846433701,1
0.2297264584919218,0.7496818497297666,4
-0.9690908701611681,0.9217328832054249,0
-0.8078263082945052,1.3273309559575253,0
0.37370170881833537,0.6511997942991568,4
-1.1559154012534085,1.0720391010375219,0
-1.8131419215235094,0.008461483342512056,0
1.0214294443485676,0.24463023329535757,2
-1.8952771116134595,0.5278888765535417,0
0.5465546720955563,-0.8110274244978851,5
-0.3388199830184769,0.6099735361915849,0
-1.0880689496437046,-0.6598197056770936,3
1.5012991848117898,-2.826158594142089,1
0.18657948943005834,0.29599305903593076,4
-1.8950355763472946,0.6300178408859118,0
-1.0311272181493933,0.5746874724369181,0
0.6495788238752822,-1.616999559443944,1
-1.0351774413171275,0.5748712144091056,0
-0.09924987692030908,0.8385112354254793,0
-0.002397774292417683,0.7600879665649422,0
0.8435541337917944,-2.3328611793110783,1
0.3615116365117738,-0.17974432793092202,5
1.0553516845069095,-1.6872737837628444,1
0.6427162227229306,0.601592781640666,4
-0.47452880644615,-0.0023965696376200907,0
0.248220841028444,0.4940241199625059,4
0.562363381215582,-1.5808103856034645,1
-2.1542406597113257,0.8497083844863537,0
0.2653540054142977,-0.6846564779754698,5
1.0297488310129719,0.2996662046924441,2
0.24388043431172016,0.6938201573570952,4
-0.4622218168682237,1.0854387485870916,0
0.5203143070631807,0.8587903836344075,4
-1.2737315937367324,0.9323754695902474,0
0.14390144600872715,0.2020602773269617,4
0.07685319513537925,0.7818920139266268,0
0.0981109384767316,0.7897609739133058,0
-0.8592018000953321,-0.722245600329964,3
0.2799643528509814,0.7194655433861388,4
0.5364176956635163,0.6555022155592355,4
-0.33280097998123437,0.9608351159580534,0
0.3259772245367228,-0.13711514024464372,5
-0.8094094986459789,1.0882914070686769,0
1.0054569449908202,-1.3790363611361678,1
1.5804819313633311,0.12782721636320823,2
0.14872735567192188,0.75240830417029,0
-0.9101832984448132,1.6845926947707204,0
0.5504704669156738,0.5395798829781675,4
0.37585718511948346,-0.6930272730609821,5
-0.10130416018180548,1.0307905696358464,0
-1.1841149778912305,-0.9546394588643142,3
1.1395909704722595,-1.6854955280078623,1
-1.271067178005894,0.06936727225884624,0
-1.0011750121881302,1.7277044422641068,0
-0.7554180780047992,0.914000713425652,0
-0.19336985970225495,-0.1991756004354153,4
-0.01666271892055302,-0.6211149199537356,5
0.38857905693745104,-0.9803869632885464,5
0.3518266741015781,-0.334692622053289,5
-1.146251143183591,1.649070364721058,0
0.6081990555656471,-1.159128081266042,5
0.24236681561606202,0.49436636648625426,4
-1.938261189623865,0.7534577912956898,0
-1.1295733705321889,1.2565778473485978,0
0.20960550563039523,0.1476113046196073,4
-1.5740072636693183,0.29563973514787767,0
0.9031304580055539,-1.1749475570651695,1
-0.4644039459726958,-1.307207850466511,3
1.4968209605069347,0.22700997437919096,2
-0.5917114069209342,-1.6954015543445036,3
0.23745708565302465,-0.20150249061316242,5
0.4961590627701744,0.6674188512989884,4
0.5697562717075226,0.08162546006971699,4
0.7797220762352155,-0.4655823033245915,5
-1.4006591484852309,1.4058284634855247,0
1.1079858756954175,0.32243376257074585,2
-0.5059681858043705,0.9957503081950727,0
-0.898488539437539,0.7068808612667912,0
-0.824982701659037,-0.4481016463012266,3
0.508460876263047,0.2441673722264831,4
-0.5177038347309247,1.366112673468747,0
-0.786852546422617,-0.8162300594687236,3
-0.6053244645582325,-0.5256481095819339,3
-1.1014514121144383,0.4122389387363989,0
0.9176970104596243,-1.798668912661724,1
-1.0088119164724971,1.0880160312405414,0
0.6477202173800765,-1.4152446747654317,1
0.8459763225747454,-0.0008269714560287476,2
-1.147378238590819,1.854995809371663,0
0.889395111035285,0.10726185209186541,2
-1.7827615645606112,1.0571800191876202,0
-1.8800694508758131,0.7506764412308994,0
-1.8015679186212465,0.7103936053308171,0
0.49101321571469836,0.6572583335230545,4
0.24311842005870088,0.6033898384270815,4
1.5537108043420924,-0.6847432676016549,2
0.6569467561841152,0.42635942799425236,4
-0.5230174491942121,0.44414122333997313,0
-0.9477988424612368,0.6132675107759453,0
-1.1511640202984703,0.5843192916583462,0
-0.4142633597075209,-0.6044583070573674,3
0.9864272814780548,0.18494856090446224,2
-0.7240193118932187,-0.3430395178096521,3
-0.3685643847267925,-0.27455079865257037,3
-1.0849845101717384,1.4614296514764593,0
-0.8742737067620259,1.5576823619003883,0
1.1734712947167676,-1.6005630541182374,1
-1.8434747368942241,0.7151145443257331,0
-1.0899129385979207,1.0699694123571555,0
-1.1087371265196502,1.0700913649935184,0
-0.9173770191776368,1.476036884194409,0
0.004038624095177045,-0.6838533521134122,5
0.7080580255574718,0.5063182160497274,4
1.5216574652088721,-4.032244490155021,1
-1.7803082270430162,0.7556974175872007,0
0.970705436057484,-0.1437728056707285,5
-0.4000651047279278,-1.2683190009517826,3
0.9537581726693176,-0.268830542491531,5
1.0476581430154894,0.39220649054840506,2
-0.5420636208446539,-1.0138021042223015,3
0.6094435063093829,-0.7326781910501589,5
-1.9185966775473227,0.8765445871962108,0
-0.5693737178114324,1.0928476591910325,0
0.90091990078129,0.017065241839386104,2
0.10703773699562577,0.7809532835080316,0
0.42929897238816295,0.30917961129140925,4
0.28995302118834027,0.6000989126586421,4
1.3430042663030983,-2.8504528635251574,1
-0.9656823316785138,0.8192876380981784,0
-1.0653860075900046,-1.238604004632913,3
-0.44320315109524966,-0.011923340213191885,0
-1.7159140512583888,2.3749427885652903,0
-0.9657387267969764,1.0034287341253323,0
0.9670496328782496,-0.49433922618167053,5
-0.9246163332656019,1.0634019749443115,0
0.5695756390191296,0.14290267945314786,4
1.836517360064201,-0.3122431573013923,2
1.7910914495092332,-0.03567339595626777,2
0.7654652588676694,0.5244083991248814,4
0.48467985485140364,0.44447381528005153,4
-0.6143317056643619,0.1339943103714882,0
-1.1316673217419413,1.6281578758208302,0
1.3811407965396179,0.31078167936253637,2
0.9882865450709338,0.34358651510271465,2
0.37329822779901517,-1.4480705134594658,1
0.44195482318341467,0.6855157925825187,4
-0.41824786158123906,1.1293517587772237,0
0.42759413827340303,-0.11350458476728456,5
0.5364176956635163,0.6555022155592355,4
-2.1329996550683332,0.5593349227943994,0
-1.6905875707346385,0.7634728974905478,0
-0.7352768358119772,-0.8967976791235981,3
0.7022436565651927,0.34226441302129174,4
-0.8090077814151374,-0.25704317654620734,3
-0.014375765447242025,-0.7863143833117858,5
0.4044528878939287,-0.28931787401331743,5
-1.2188969092933568,-0.5718812686791237,3
0.49574618640712054,0.622249949146512,4
-0.16859845378070928,0.764164097933119,0
-1.8522685711252802,0.2996898499536401,0
0.6774833751917283,-0.9823400855738338,5
-0.4367360189820117,0.6181592512134322,0
1.5756724952536814,0.20712063422228408,2
-0.8378504491575447,0.8963792349832614,0
0.9984873060881009,0.402261299101467,2
1.0627020826835125,-0.8579434506072854,2
-1.1789036977424494,0.5524092156364139,0
1.0756607863317835,0.4064073669191057,2
0.05749342650878841,-0.34469702351680825,5
-1.2858087144140296,0.33735546371180236,0
0.5131988616481018,0.10371223429345876,4
-0.3729411047352248,0.6900767703696243,0
1.9125510294845056,-0.3243251404907209,2
-0.4916196168529449,1.3982401978167949,0
0.6782144943266833,-0.0333760623548351,4
-0.43826539649351404,1.1712022958179706,0
0.6253730291746114,-0.8148277565911773,5
1.3263531810390699,-0.10390928358543948,2
1.6895628635316229,-0.19485993376398336,2
1.2187662814450162,0.3006365242312209,2
-0.4033270873763085,-0.3254548284124848,3
-0.026142182683570613,-0.38876096703224083,5
1.1874336055243322,-1.5014404085892503,1
0.2727258572530289,-0.6336810212337478,5
0.9870574150778995,0.24073288110459273,2
-0.8683624446849448,-0.5726083943357326,3
0.3745310006493079,0.7025876542059459,4
0.4158097027275811,-1.3726169437356437,1
-0.9104359121469391,1.649508089996391,0
1.0666345931458474,-0.21989719958394474,5
0.24617006228776306,-0.2787316060333968,5
-0.9931902380970243,0.7102585766616563,0
0.5461476865554207,-0.8729334282869026,5
2.0122192567064205,0.028788752029162427,2
2.0077591314072283,-0.08391850254804654,2
0.4694825116998153,-1.6187278993073624,1
-0.7119418107910519,-0.6860575952024068,3
-1.8777413538666423,0.3009684725324521,0
1.3148556089699033,-0.8459162444772109,2
0.39202865825987754,0.6108174653730576,4
-0.07429216652006444,0.7039719182561596,0
1.4082392043076,-0.7412674337956725,2
0.6203271070755605,0.3840943705549323,4
0.8984128772320136,0.37404076459016666,2
1.2040718600919103,0.3357113558568676,2
0.21524123628336153,-0.6927729001869432,5
0.5149431562065762,0.691921185429902,4
0.7083145357334356,-1.6510786308555356,1
1.4149526558191157,-0.15793897635361537,2
-0.11882762904962642,0.12906154642200687,4
-1.501066426126138,1.8395731200252718,0
1.121295400325963,0.46422130080771024,2
0.43184275882227996,0.305984943416342,4
2.0140206726491297,-0.059138607604262025,2
-1.1762817282148283,1.2161301043833759,0
0.49451449719165497,0.750376217553031,4
-1.0640196709943919,0.1917742499628372,0
1.952358351565715,0.054672047326174616,2
1.9235033718882515,-0.00841090103114316,2
-1.4335011431467235,0.19935789159414283,0
-0.4304486088427499,1.257568593954094,0
-1.1339354614716426,-0.8422785497746841,3
-0.12025068354854379,0.8446943357172247,0
0.1961935544611027,-0.6919879486551589,5
-1.3130387146344753,1.9126994269381399,0
0.8096333807492094,0.3376664090589372,4
1.4322487112564273,-0.2047043062677406,2
0.029036428980667453,-0.4569566272288928,5
-1.0341332554952432,0.5748257870520256,0
-0.7970018924299047,0.894937195871415,0
0.7150386160878622,-2.1290082180885666,1
0.9807322506432925,-0.5238318452555043,5
0.3721573563969521,-1.2378608049413684,1
0.0010578792452662375,0.9597569699631395,0
0.17703115722101892,-0.8408725375044418,5
0.2584950932313247,0.21565181396235614,4
-0.507424786868024,-0.20647245011668872,3
-1.2326795672951258,1.857089363505323,0
-0.9331048361172135,1.5549278752912703,0
1.4284670911673465,-0.6591975270392559,2
0.7064916661285165,-0.23517664539630848,5
0.5616735439529297,-0.32829273401244335,5
0.6541112068610109,0.02206919564016799,4
-0.6993525458920308,0.12964483571904303,0
0.47701552538573855,-1.638597608477265,1
-0.8055726247132903,-1.6014106757547188,3
1.0839134372356072,0.4923273861574376,2
1.164799761346753,0.18983335681684899,2
-0.6057678671423883,-1.73030495782666,3
-0.6371679589773047,0.04507188497663909,0
-1.445293890401534,0.6465153055918722,0
0.434781311085635,0.7138882766911735,4
0.1367883292555597,-0.94496385525902,5
1.3199706531315558,-0.4264737019342398,2
1.0297488310129719,0.2996662046924441,2
0.7593266294722809,0.5630169608304821,4
-0.8526984353865552,0.9656188774987756,0
1.36458014866404,0.15737454474458526,2
1.0492844943079633,-0.7875369415536493,5
-0.45225799143358986,0.03795174805305508,0
0.5952638114566557,-1.3681622849344017,1
-0.580012301846608,1.0729173463359143,0
0.6017238884160606,-0.630007418255111,5
1.7935911066478236,0.17948144115331005,2
1.1766221932765926,-0.6687961141672883,2
-1.153527888782059,1.134457678532326,0
-1.1381039852741868,1.9706714588697243,0
0.6463479899615455,-0.2586601668775164,5
0.62105709646365,0.44545234968417635,4
-1.0325933644212124,0.7667977498050131,0
-1.3165395926303385,0.8663291399201545,0
-0.06665238022850611,0.3939808167183527,4
0.08354941224336486,0.7166579396286675,0
-0.8706539286737071,0.300749448985074,0
1.2238798384908298,-1.6796686310415359,1
0.47666755182668796,-1.6386021308876042,1
1.6053285115627358,0.1007368270960359,2
-0.10128329444908815,0.6066955001392197,0
0.6990150360330667,0.5511621483021687,4
-1.6633127034248232,2.2839225068187807,0
1.0092195207758536,-0.9312814300336099,2
1.0973250425640793,-0.33617107757715203,5
-1.7828250033048358,0.7673778209075729,0
1.483881474083203,0.22718196147213043,2
0.35114637051902037,-0.1663412081186818,5
-1.955884064686799,0.6326421430558725,0
-0.7011900560939177,-0.6591984755595989,3
-0.6397725211809036,-0.016458352251425525,0
0.27354731002420507,-1.1031292429911856,5
-1.1976705106632008,0.14099249465870928,0
0.4785973669578162,0.4078628377585476,4
0.7859497365995493,-1.812741569385664,1
1.6232567525890815,0.22163032176892652,2
0.3978839056433657,0.09646579170172796,4
1.1142321422988195,0.37345979578080646,2
0.945516300472673,-0.10132776646545937,2
0.6264712583969048,-0.004422321493011328,4
0.08513857411392638,-0.9745320172159382,5
0.39181064017310174,-1.3853776272221225,1
0.2634989034399074,-1.7310507490117617,1
0.40003652299338255,-1.4406248984996994,1
-0.948539714308817,1.39075518538008,0
-0.5365720712519293,-0.9310439780877646,3
1.4963929824257098,0.1443426182694162,2
-0.9750877509104561,0.387033141148,0
0.6545421591736675,0.21570554087394164,4
0.5202914930935034,-1.5167262061014097,1
0.38523472957707744,-1.3957903159494323,1
-0.5231640511405241,1.1099555984693656,0
-1.8024625628492725,-0.5899412684768032,3
1.1555438030123357,0.24952400627671165,2
-1.7948605308530594,-0.8238777092962041,3
1.8457234250885453,-0.027174686105490745,2
-0.6425153851499789,0.045300918802966224,0
-0.794406172224596,0.5856042828748814,0
0.9173761969371391,-0.5686345846171552,5
-0.9326938388229391,0.1593419795268223,0
1.0508614595236874,-0.45495462226202327,5
-1.3206708002025982,1.403282346505748,0
-0.9501447963875619,-0.36250837543908415,3
0.2621380196020701,0.4792581794388256,4
-0.9383167157234765,1.560177326524209,0
0.4471252364688938,-0.8896271859237732,5
-1.107488721661885,0.7320034939325436,0
-1.0703033691082149,0.2753552515112079,0
1.469321123708822,-2.399469202498806,1
-1.0368421809465598,0.3481964771987281,0
-1.1038899476426445,1.0391354836618847,0
0.20659695517415286,0.11666011507686794,4
-1.6292816156154326,1.1425919024411064,0
-1.0952040849324332,0.946479529117886,0
0.3939488474866705,-0.28082819204529097,5
0.7350590791195308,-1.3127121149581655,1
0.299268533321215,-0.31525733527460387,5
-0.8484370648374792,-0.6902383687076185,3
0.59666707232953,0.7501081927588172,4
0.44103283447026015,-1.7196805288344237,1
-0.9763784290510283,1.195959781964711,0
-1.15552478551467,0.15535658430779278,0
-0.9564585250173164,1.0524430061575276,0
0.5532682158313126,0.7939463206426398,4
0.8564645004140116,-1.1114183467482288,1
-1.6631826672562968,2.2430497927916004,0
-0.5066965266842821,1.3880430942498079,0
1.5621288594077665,0.20018169859063245,2
-1.0653860075900046,-1.238604004632913,3
1.3870908734906473,-0.823159018697041,2
-0.2415725496879147,0.6027695398924834,0
1.2084776076776984,0.3180345244676052,2
0.33822730023487396,0.022471724029467434,4
0.6615260582484032,0.6504271735339975,4
1.5260394419986094,-0.7301167791774746,2
-0.5276227469640687,-0.0889299936992332,0
0.8310791116614061,-0.8352558394571536,5
1.1482122070512715,-0.6940466785359924,2
-0.6526655265912189,0.8623345135642043,0
0.5784319090559167,-0.5010618652622009,5
0.8352449379051582,-1.0692031205108337,1
-1.5863683542879268,-0.024081899495345907,0
1.1415420087049966,-1.1320896573722283,2
-0.6450795531395499,0.7590434761101733,0
-0.3530627016064279,1.0820381162595163,0
-0.7729517261223171,0.6148856698199359,0
1.2720404396421636,0.20638190612729532,2
0.5988399905388315,-0.06544139085823697,4
1.3007175303023102,-0.8814881516610855,2
-0.5611610000004336,0.30967426473487614,0
0.30805784856472723,-0.5729099222292231,5
0.521375692704464,-1.3718887340557513,1
-0.7553835054455093,1.3152415201071899,0
0.43380652399915587,0.6595081733476844,4
-0.057317985183923253,0.820175487166939,0
1.4968209605069347,0.22700997437919096,2
-0.10342479877901287,-0.7621522462225849,5
0.5322446298175318,0.5710781317224094,4
-0.795926073696113,0.8948927339728463,0
1.1555960365123095,0.2522643836435316,2
-2.1652610866551303,1.9389014081871025,0
0.2127892475451625,-1.7793987531402762,1
0.6166882500990633,-1.333718100879894,1
-1.5821647506927694,0.5346496258330858,0
-0.8274810791864118,0.38133956212614994,0
0.7742663903410674,-0.320416118110106,5
-1.080935751063783,0.06233583894030177,0
0.48939823105897834,0.7483024637849304,4
-1.0942966561200766,1.0079472486821217,0
1.0488499913623708,-2.3572085827801867,1
-0.26955576827512806,-0.504191254601086,3
0.4452400693946047,-1.476350787824796,1
-0.7028006370426402,-1.9789842528584758,3
0.8242403274173075,-0.17006340583557328,5
-1.2722076689830055,1.8877310643576586,0
-0.7380397470236754,0.9339105992142913,0
0.7304824400300675,-1.4992054740868748,1
-0.8025428972675595,-0.3093580628061268,3
0.2962597753604313,0.7488967288194269,4
-1.0195797412421648,1.054003440953428,0
1.2862699701648543,-0.5078002396203156,2
0.27628656572015325,-0.6044012264483649,5
-0.6049894369758515,0.613537872995522,0
1.3662800833664683,0.20685150846661843,2
-1.13176178241252,0.9060914921310792,0
0.31700145495007964,-0.46941754436010813,5
0.2818804842115153,0.6925065750225162,4
0.45155174603516957,0.743208874796453,4
0.7103939731545099,-1.3157822725791684,1
-1.5457684571484651,2.213915714468789,0
0.5631097865171071,-0.20005113567523802,5
0.5542961586601716,0.11896412219751971,4
-1.7190513352157997,-0.14584947275180968,0
0.42825155871818493,-0.07125997133237108,5
-1.0303634631640375,1.400659179172854,0
1.1337097850232303,-2.2705754624383863,1
0.009880971614115995,0.8639804168329808,0
1.1094728070037843,-1.516729237979403,1
0.14440933638780348,0.29589387089165037,4
0.7194131688268042,-1.5931885273824458,1
0.3715008697225654,0.7462005423455353,4
1.1967387654870998,-0.5659548448114061,2
-0.9449614947655226,1.5604350700335925,0
-1.291815105787352,1.9821450677822583,0
0.19052555685461597,0.3604745331268693,4
-1.9040062044329333,0.4656826321489688,0
0.2980712668006074,-0.4913982706036267,5
-1.2756753808391659,0.9948363578747402,0
-0.6600723775264756,-2.231920880550401,3
0.05457793030361939,-0.6542219949777217,5
1.0708231757190037,-1.4546106639701288,1
0.7629300608152627,-0.2271153390014406,5
-1.3679799411229665,0.9775532979981485,0
-1.2595433105022948,1.0763386428602348,0
0.4516785428274493,0.7431487284336017,4
1.282412772316821,-1.3389572538903156,1
1.679646083983838,0.11496790368189806,2
0.40405044439731536,-0.3577430761724439,5
-1.684800995820538,0.497916441607025,0
0.7472908944195981,0.5969874774576915,4
1.1105061680062056,-1.3938164786538572,1
0.39933756705963636,0.610561652780456,4
1.9772569001205245,-0.36892806384524857,2
0.7166161577050082,-0.4423612679554449,5
-0.9432431382725894,1.4661559428372852,0
-0.866797364867287,-0.42530199116659595,3
1.0989727552945228,-1.8286558294837456,1
-0.6503129440481326,0.8072807743454256,0
1.7050413061452383,-3.6168350906758353,1
-0.7204535541494126,0.29507873608263224,0
0.8107498242575485,-0.7436861272081634,5
-0.4278242991252282,0.4980817721186731,0
1.390182126027774,-0.3467165761130315,2
1.4839947830814406,-0.6954613629937062,2
1.218759479907845,0.3023176582616453,2
1.4669288271053598,-0.9512154692193517,2
0.6091394545413176,-0.9793091560509839,5
0.0941911549585355,0.14931332303911538,4
-1.1991303395750297,0.6161384452148887,0
0.35343907647880685,0.6625659663264475,4
-1.1454763904583616,1.101571202277221,0
0.823350536489493,-0.36636473799371005,5
-1.1661720270997364,1.9994052276635863,0
0.22340271200489134,-0.6584550048624138,5
-1.1381039852741868,1.9706714588697243,0
-1.2468824104303615,1.5355502450089644,0
-1.1172341716408518,0.3101312314260785,0
-1.0191488926817378,1.8809752778728899,0
1.3182491955988187,-1.7367329457875706,1
-0.10785668040681252,0.20984697009779477,4
-0.8635461839821454,-0.05412499921956949,3
-1.196672079588961,0.23925679688194815,0
0.29160627890079976,-0.2806066278178983,5
1.7134466342668553,-0.040595827807376535,2
-0.2998914425971378,-0.46312211214005494,3
-0.22006016371130696,-0.17738781342514948,4
0.5924524825226524,-1.7514459046658384,1
0.4365063423074497,0.2164248581742648,4
0.5215522675265161,-0.16229012785464866,5
-1.1272919274567628,1.7517545184306402,0
1.6539314431914691,-0.40654621770270427,2
-1.7800185391991967,0.7921056827265285,0
-0.5302448317719906,0.10273537673816273,0
0.88557809989682,-0.5252783390257383,5
0.04624776493195418,0.8375326671457397,0
-1.4454641132795465,0.7401993886121359,0
0.16249166105136623,0.3148300326303127,4
-1.1197796296392069,0.7433503059787112,0
1.36470020155934,0.17481487270858603,2
-1.2294720315282477,1.145602946908999,0
0.2621380196020701,0.4792581794388256,4
-1.6702152146139393,1.7815775105839615,0
1.430741375336628,-1.6132609150591506,1
-1.2355966543682815,0.4448235144648066,0
0.4059403494915971,-0.15028001203156388,5
0.44477099388955854,0.6853747001573712,4
0.45575304402447553,-1.6376303546920965,1
-1.075245988538315,0.30848869879264684,0
-1.0908641623929725,0.32159125616990797,0
0.4443755824907182,0.249887662263378,4
-2.1932526054233428,1.0138222153126277,0
-0.665064774986266,0.854368143908918,0
0.6099003505754604,-0.8140510707382836,5
-1.114002599933272,1.0292227160543133,0
0.863355967751216,-0.46280337537456206,5
0.7222803510618976,-1.258934152756929,1
0.8485387152478486,0.2532000991218204,4
0.27686808562114035,-0.5231123077628427,5
-1.3921108958586095,0.6915459270050965,0
-0.45135670706081354,0.16141270141692954,0
0.5613665294813396,0.7112736629807382,4
-0.2396193326576982,-0.09403305095513816,4
-0.9174668571085237,1.3105079624015994,0
1.3677984170260589,-1.9019461118790972,1
0.2771660621178881,-0.48461321548635233,5
-0.681565384886123,-0.7820785617414389,3
-1.4453437260714157,0.6432882186410525,0
0.3907673650655524,-0.7385298173012056,5
-0.3965578286758231,-0.9377287949133305,3
-1.6325502499367166,2.254708972965778,0
-0.5993039052371346,0.12590183830270663,0
0.6445919022293273,0.6753529881947644,4
0.3560600315398631,0.7468205190607099,4
1.7012818544561508,0.18689490804320483,2
-0.998973539050747,-0.22695605530785146,3
0.6061540754236439,-0.7931371421192525,5
-1.2174109924516368,0.2670504294145079,0
0.4255838229149303,-1.0130877327788261,5
0.4206602477890413,0.686415633660553,4
-0.2389618084606866,1.040375589533102,0
-1.7445084628936294,0.9306737560524758,0
1.0548213490552003,-0.34819301603095515,5
-0.6162649676761142,-0.5609007210508665,3
-0.14248521985344464,0.8732320995239852,0
0.8934277770146468,-1.6738763720115526,1
-1.7948605308530594,-0.8238777092962041,3
1.0423929462745893,0.32557483903740886,2
0.4460437228887361,0.44666105275145435,4
0.7342145818181577,0.09342290404545985,4
-0.7674274945669894,1.095448705670691,0
0.572528497566703,-0.043629890835545596,4
-2.295070187562968,0.8827447608570181,0
1.4479786147693248,0.08392199759167496,2
1.9439909737160772,-0.331212669698463,2
-1.048548502567058,0.6027170663829774,0
0.5741409691121122,-0.16492193349915862,5
-0.6693068360865622,-0.5725972322820299,3
1.953490404025548,-0.21021346580270048,2
1.209654803899541,0.34756764197959905,2
0.3462775650593942,-1.0232052453126816,5
0.5974125208046818,0.1830880887471766,4
-0.7813150345777067,-0.9209766863274501,3
-1.0387637304808197,0.3071327209792218,0
2.02330938211433,-0.048026012371294884,2
0.14599435969585445,0.10577965329969158,4
0.8144097083591841,-0.3446525785559266,5
0.5262752318896514,0.8779864569290206,4
-0.17250432296770954,0.86497134975496,0
-1.170571388157354,-0.6357358723433301,3
0.31509124899651336,-0.10381971614897356,5
0.4769542308549442,0.35303396565103584,4
1.4509659421239585,-1.7576904216604423,1
0.4861323634647487,0.598581432291037,4
-1.1338959318598296,0.7222665413758611,0
-0.9243851386415551,0.6809452279632134,0
0.42155934183626703,-0.6984695788380162,5
-0.8991389508406081,1.6208328415300939,0
-1.4327840882073144,1.9267089392968502,0
0.38388272232157955,-1.1358842475289574,5
1.4021763486476346,-1.0938163807273482,2
0.7542126920014339,-0.8374612851346852,5
-0.9355557412206673,-0.3140526295438306,3
0.31601890949997374,0.7294406592789839,4
1.8992149673309369,-0.06662038490833225,2
-0.02218827619921662,0.8393356860610568,0
-1.2966590683441712,1.07777026518407,0
0.33237137269757044,-1.350099422637525,1
1.3317219455936533,0.011260787545718553,2
-1.1353715080594318,1.1132223708407023,0
-0.0815280221993344,-0.9283644415364263,5
-0.604946691043934,0.6260856983179353,0
0.3488872918201395,0.11057762571003768,4
-1.7799908488732479,0.8080443333519788,0
0.7205012072714114,-1.4667931903329023,1
-0.3965578286758231,-0.9377287949133305,3
0.2809981865025949,-0.8788355293789621,5
-1.0336997670162154,0.5541605063083979,0
-0.7270417997366352,0.027865350379330144,0
-2.0012349277721158,0.26551003211395197,0
0.5983501415253086,0.4898877744802482,4
1.1375259430876334,-0.0887726070468114,2
-0.8886313252162011,0.527349134510346,0
-0.15710211521063816,0.4178529775386598,4
0.448187936305442,0.6853055259120101,4
-1.1347959135653303,1.1337151055417007,0
-0.8319256647023722,-0.21261212171960645,3
0.5965248625623084,0.7086082017960833,4
-0.6179526596115846,1.4147794143627541,0
0.8294699486603421,-1.8767848100651225,1
-0.5851790376908615,-0.2658346912894608,3
0.32134763720942106,-1.1741804411067884,5
-0.7329900322030981,-0.691884898677555,3
1.6105681737191884,-2.5834899211111004,1
-1.040692623369542,1.7494232752211094,0
0.6094101557211172,-0.8966194758338036,5
-1.4163168634797725,-0.1304037140315994,3
-2.033270986389686,0.6105758128365374,0
-1.1754240889603156,1.1353336202809703,0
-1.2701596108571767,-0.7565616155514944,3
0.1333746607999721,0.7244904832030894,0
-0.06210520678137768,0.8674011374696836,0
-2.187621405285828,1.153127356822422,0
0.5400387533630506,-0.4206847457881311,5
0.3401050086743183,-1.2996808151839159,1
-1.6092744213452757,1.821229004460515,0
1.6772672521184395,-1.8961445708984104,1
0.3878547393397494,0.5798380912210961,4
1.056532742618541,-1.5498007773602454,1
0.4079088065763453,0.6869559515911255,4
-0.9811703771404044,1.4579936528842954,0
0.1962748270664214,0.15853624523352078,4
-0.9367031144312018,1.5601431120346148,0
0.9744530715167676,0.26761400303538263,2
1.2872175626306368,-1.6525036812874774,1
-1.304546603509655,1.0065852071122283,0
0.4987889520537614,-0.8294941702134667,5
-1.0973490130870036,0.3915088537166403,0
-0.10005984777443064,-0.6794979153320655,5
0.9336383726107168,-0.08140258578367207,2
0.4303982391331632,0.18547807247661108,4
-0.6165320375268085,0.9355359399134076,0
-0.7549398031325716,-0.7793889302217536,3
0.43676724466250394,-1.6645622732835634,1
-0.9648941142153026,1.3689332008181476,0
-1.1094043227331174,0.45388859268442616,0
-1.6095972407447483,1.739405171023873,0
0.8901766307136364,-1.3332772251613145,1
0.6734824343485962,0.3433681351941837,4
1.0712686764044694,0.2726753931402053,2
0.595467822987995,-1.3266618197116167,1
1.218759479907845,0.3023176582616453,2
1.4101796482815572,-1.585564472002619,1
-0.9619628937785024,1.7453396065025277,0
-0.8852190401240588,-0.14274584590738568,3
-1.2690007903138008,1.4229668231713581,0
-0.7558609618276425,0.9139934470811284,0
-1.655040062918486,0.6605868444166734,0
-0.26685423229055766,0.9048760139172564,0
1.7010426363238265,0.15972458898554948,2
-0.6438310675856153,1.5001126212280778,0
-0.4938765167543462,1.191826519173989,0
0.06079210287382922,0.7268585493336992,0
0.9730525312587456,-1.468110498998105,1
-1.4992924353647272,0.2119304970148188,0
0.8074502602341509,-0.3282014389138468,5
0.1057708527072462,0.6984275787730942,0
0.3354464283537919,-0.27877391682308555,5
-1.176250060718872,0.9078454251101628,0
-0.6127586253944047,-0.27593341972957,3
-0.6145225291303591,-0.4188212925661539,3
-0.801051838924835,0.8950571329018385,0
-0.9485484640829484,1.8145518096749926,0
0.31989938243880545,-1.2571647216300461,1
0.5357213220083432,0.16769981714479032,4
0.6349118392315453,0.4612887972252807,4
-0.10567904723366052,-0.9686681448876645,5
0.8491471185128432,-0.6388302002991225,5
-1.5683915226188654,2.2547582960320374,0
0.35146741460202513,-1.5586319605858472,1
1.7481701646734498,-0.2817776610708395,2
-0.8244537149867237,-0.3458835549173083,3
0.5765905946043505,-1.1578804888579626,5
-0.9463395207827313,1.1267414303468613,0
0.3245421808875094,-1.1114466499224638,5
-1.0199267695028311,-0.33143746905801913,3
-1.1800394391715794,1.9675659349843737,0
0.9325932069063988,-0.4929123464602723,5
-0.7598234451656358,0.3376881403412788,0
-0.8386511399482333,1.039184434094937,0
0.8428137345934065,0.4706885676803161,4
-1.3532951802583268,1.9844003107861001,0
-1.1133190108624293,0.17841333931296,0
0.7323039723835797,0.24678284976810402,4
1.0869950869245406,-1.6802016148761143,1
-0.6388711791679359,0.31256108689251294,0
-1.0035828485748244,1.686626746180617,0
1.213913165633054,-1.0845817036539354,2
-1.5362517347952729,0.5326482814427506,0
-0.8099800784473659,-0.5255048321720509,3
-0.8502679003104845,0.15601545036376882,0
-0.8275205857422465,0.4683973994619552,0
-2.312495760407493,0.8737847820970381,0
0.21192768876066953,-0.9198510465557336,5
0.908408243354314,-0.6579570146592171,5
-1.1756231549671208,-0.7928373588260611,3
0.5151288842837713,0.7155634316550092,4
-0.8094100750474007,-1.579912780323949,3
1.1393352787863082,-1.7225443663076394,1
0.4375023755515977,0.23622058274465843,4
-1.233822386934067,1.7541086616351944,0
-1.395564105454163,0.0950809009505949,0
0.42831008652200675,-0.306815553591961,5
-0.8998654241798112,1.641620295102423,0
-0.912708490167933,1.3219507952111134,0
0.1720956275288832,-1.0422803991809133,5
-0.5475892127073667,-1.0965594850906657,3
-1.1118711826288856,0.3216981341054614,0
-0.3468992984764131,0.5900226607668068,0
-0.6191824697583526,0.06497392853313701,0
-0.5520146271109081,0.776144047416657,0
1.4968209605069347,0.22700997437919096,2
-1.1069427542027033,1.4691228980398159,0
-1.733408054483711,0.684263288193447,0
-0.8603413918861796,0.29314847991675314,0
0.7872124477414509,0.544109508775117,4
-1.4228745136777128,0.6263371578789937,0
1.055661004584351,0.18110452911646133,2
1.3971849310702777,0.2547297578151822,2
0.3108830687738664,0.6564068839288641,4
-0.2663716228793491,0.962303950774102,0
-1.689251183958624,-0.015960226545528918,0
0.7287508954717923,-0.47230119913681107,5
0.43843885499736995,-0.9721048379324587,5
-0.604946691043934,0.6260856983179353,0
-0.8270127645313506,-1.6323031755910973,3
-0.499601439768679,-0.6003425918959993,3
-2.151874347285525,2.013148967964529,0
0.9620126795858607,0.4174953683702931,2
-0.003311647273054008,0.7291149779883909,0
1.745179978367603,-0.30219844371643667,2
-1.1863950721871788,0.27187636624197836,0
0.09009465828200833,0.12145888356692945,4
-1.2101884170619495,2.103507250149744,0
1.1307465051373693,0.3965698711887376,2
0.4277952793255401,-1.5558885005274914,1
-0.8636976968688602,-1.1863303451393987,3
0.3579414750608063,-1.370778744872221,1
0.24405951071609394,-0.69223674897119,5
-0.9280047322813109,0.3850401301877849,0
0.7095081478687959,-1.5456537440843359,1
0.41923647855225926,0.6864548278828504,4
0.2945425947264839,0.19631043071375234,4
-0.44393368230071173,0.8780495674183949,0
0.684118655137811,0.5731374544285477,4
0.6233358073961529,-1.417187329449406,1
0.7190148869486797,-1.6439078666498297,1
-0.9705523821652243,0.4307493163952189,0
-0.17853948830172603,0.06910029761230124,4
1.063456638301687,-1.9670047268214466,1
0.4005609215100533,-0.30560957752118056,5
-1.0595672810027663,1.3441682789480875,0
0.34093273269328245,-1.5586458157604328,1
-1.1564657608917623,0.057832619276660543,0
0.49118040672108776,0.6323161907593985,4
-1.2964657778799016,1.402577832900594,0
0.18967413120769966,0.27390489590740963,4
0.7082439150270881,0.5226240965515996,4
0.286779619915691,-1.5515204789118069,1
-1.259747137585235,1.1380846515655862,0
1.679780362467023,-1.0243126768782695,2
0.6494703797053271,0.019633953932449426,4
0.3995388925602547,0.23637651274058993,4
1.0226693415207921,-0.9940293812740161,2
0.672292442014434,-1.034492080374794,5
-0.9557192325097338,1.5607459476292571,0
0.35142106039689863,-0.1068787964054309,5
1.2761459973496752,-1.9004942318673386,1
-1.1756577159985035,-1.2333267075481036,3
-0.37669508061055873,0.8752365774193989,0
0.4950361866215445,-0.8154261544648785,5
-0.5922170378062794,-1.819266933138845,3
-0.9679959494831379,1.561154726091267,0
-1.9380587574324415,0.10013339867584826,0
1.3355028624730223,0.3546561050936034,2
1.940963886189029,-0.03201590088842222,2
-1.166901140357622,1.059194947746419,0
0.04784207983150913,-0.5615618229051205,5
-1.7888121198135094,-0.14540307528900548,0
-0.8310607282053537,-0.3389018342359168,3
1.1938081445076998,-1.4783176297817282,1
0.9870287909815554,0.2399854469465177,2
0.41687012001442,-1.241110978203935,1
0.2621380196020701,0.4792581794388256,4
0.48939823105897834,0.7483024637849304,4
0.4944089465570441,0.039474614661944296,4
-1.4556108424242118,0.15875086493557258,0
-0.1890380759512907,0.7648265886923931,0
0.4027919179300446,0.23773328663397109,4
1.167439080558205,0.3198807349417244,2
0.10348138612354248,-0.8332040371634925,5
-0.029583357016707817,-0.7114368196025485,5
0.667401767883597,-1.4809371724110836,1
-0.8091110956121592,-0.05131571861326947,0
1.3323427991300651,-1.6752696131307336,1
0.30892292339810673,-0.4413005849004868,5
-1.5334834515220508,0.12281421774174807,0
-2.1641661313930505,1.4599065138616891,0
0.4577360264258908,0.24735877109353144,4
-0.47284275149086835,0.059319814739465355,0
-0.7049404236961245,-0.38511514215400466,3
-0.3730392774312423,-0.33687545567936544,3
0.23539753408223404,0.7175620998623895,4
-0.13053920745142983,0.8089117214784052,0
-1.069801842201331,1.998146371574719,0
-1.2088178727356458,-0.6960506652334273,3
1.4894724413990295,-0.35166182326976536,2
0.5657688878265311,0.034033596162604575,4
-0.607847500539933,1.4900482089048883,0
0.7420501486284002,0.30885130463164445,4
0.07741697339959484,-0.49293167256553994,5
-1.4369385708703728,1.4326341272223875,0
-0.8167665484954031,1.121577007201881,0
-1.3925580681083134,0.09494068929456079,0
1.6538638428287555,-0.4304099265278784,2
0.4497750922989341,0.8344319197384408,4
-0.9072490807204391,0.4464616093772972,0
0.41270211497318837,-1.7526390757099426,1
0.3832816739392001,-1.1358924793319924,5
-0.4801879851104068,-0.9333644826903421,3
-0.37861450898736665,-1.0007929761148298,3
-0.3647945808675158,-0.0477653386110029,0
0.2666520730214525,-0.4901145666650264,5
-0.5363624455703117,1.371758403018756,0
0.10157983771986698,-0.1440954720210152,4
0.5657676543274359,0.03434464313682442,4
0.7497254297216546,-1.8314380264420347,1
-0.10360114304046343,0.346843870020407,4
-0.12888955801209737,0.45813896388174824,4
-1.4423191862388096,0.9241500013964129,0
0.37972917342891643,-0.2030440227507851,5
-1.289787832698071,2.076880331714197,0
1.7697322825676276,-0.2209486515019822,2
-0.8005065400913158,-0.8371009997833635,3
0.45888067902149116,0.6246429986295546,4
0.34516758877539544,-1.1557569038876963,5
1.09719636670302,0.3228869013042394,2
0.0786086372979951,0.8082192676337544,0
1.8373729588575953,-0.24679414148171705,2
0.17701539840525662,-0.8452253658540633,5
0.3899500162728375,0.7599349668199189,4
1.9769218955942036,-0.07759281929880779,2
1.2514068929656992,-0.8926438368255291,2
0.14626380432049868,-0.9582620958039593,5
-1.1548826627645294,1.1550417930213188,0
-0.6042841175700767,-0.9281362207277423,3
-0.795926073696113,0.8948927339728463,0
-0.6911332340484018,0.42894207995129924,0
-1.7410537777103898,1.2152760463579415,0
0.4174216900957271,0.704339198946124,4
0.5240708421609458,-0.7273626313254672,5
-1.1164670274148991,0.9472473056532826,0
-2.25463630557091,2.3906777105365107,0
0.7708794899691045,0.5692382729483264,4
-0.8519543933309089,-0.21185472809612493,3
-0.8369820542518309,0.5534423238451415,0
-1.9398028905984948,0.8564199123267238,0
0.0069269717917697735,-0.6012556953230738,5
-0.41094744893886803,1.0578992009850028,0
0.743867277274833,-1.8106042139299694,1
-0.12248233706612656,0.045593283310765585,4
0.04624776493195418,0.8375326671457397,0
1.3647575073921374,-0.8842609142278025,2
0.40879480478255154,0.686908068243429,4
-1.7883655239653093,0.9623274097185742,0
0.1721407367068434,-0.7322510519411519,5
0.7219579812555569,-1.3024968201232183,1
-1.3278890179972445,1.0788651288530073,0
-0.6334090606335788,0.6007845913565073,0
0.9903783635952449,-0.5991369376444017,5
1.380244077266342,0.14833726156353477,2
0.7389612593372343,0.49977892937049073,4
1.3329764603067853,0.12568391571653972,2
0.22381751354876314,0.034220149820446986,4
0.23031697025571288,0.18965667793501506,4
-0.8887329332649355,0.07532655558699335,0
-1.357469721692079,1.511245423335426,0
1.3941532323316088,0.09536310273881769,2
-1.1770649540414673,0.8538961702683764,0
1.8543479125717106,-5.775520206958089e-05,2
-1.0305543903823464,1.3937651797005444,0
-0.7557284356048656,1.0161531875162777,0
-0.319515744908052,-0.42705709285836096,3
0.37190195291179357,0.42819622101472726,4
0.628826238770083,0.048125731432439874,4
-1.003233111227295,1.7071816767262615,0
1.350559183244282,0.19851064259062728,2
1.0532789794548263,-1.9212516376651336,1
-1.379089652652378,1.7594449533081014,0
0.6417737717581524,-0.966722170381888,5
1.3559259419217962,0.19342487889636348,2
0.3530234679729116,0.5875521713595123,4
-0.8731790397006574,1.005330822619917,0
-0.499601439768679,-0.6003425918959993,3
0.9405150610145925,-1.5840682147814487,1
-1.2290801361782118,0.11580961400326122,0
1.0479181000722413,-0.9950476010984171,2
0.4206602477890413,0.686415633660553,4
0.09816077414661338,-0.49884715457189327,5
1.226966975521588,-1.296675665093455,1
-0.8472943374226967,1.6504823899339853,0
0.5657674468228945,-0.7705661312398143,5
1.7050413061452383,-3.6168350906758353,1
1.088083113841077,-1.5526850757755546,1
-0.621167884573909,0.12674624174447113,0
-1.0311819532316888,1.8765409445110417,0
-1.4438456471589893,0.7916602845978504,0
0.4514361199030095,0.8082093420442034,4
-0.4330389454584637,-0.11111331376015579,0
-0.33575722776932254,0.8227799550954847,0
-1.1075631235618517,0.7120149656313564,0
0.55181158018361,-1.5944486029980187,1
-0.8843103201724978,0.8707816814881313,0
-0.8594630367632995,0.9791058397486057,0
0.30724777395837594,0.11230051158070169,4
0.8607393702852008,0.18499114270003203,2
1.7956445368351763,-2.5661030998663463,1
-0.8259940095417659,0.38130080828828894,0
0.30548123030373897,-0.5522375614575548,5
0.12788859854907225,-0.8549325585800205,5
1.2288320261850738,0.2600705718981876,2
-0.8182526036734022,-1.7637727247105488,3
-0.7532337585747765,-0.5483446131118755,3
-0.6813996348833702,-0.2619820381275309,3
0.39917611701181527,0.2085679918237037,4
-0.8122425809708926,-2.1722343808679114,3
1.4968209605069347,0.22700997437919096,2
0.63621422984961,-0.2067961496769571,5
-0.31879754869378824,0.8221244766127812,0
0.6452668913904706,-0.3728492476139331,5
-0.4533294525723405,-0.003192835663975402,0
0.8868575843210487,0.36831925502704776,2
-1.4491495204376406,0.21220793926243617,0
1.092149683754066,-0.005350296366725272,2
0.8250419173942601,0.5457101371276816,4
-0.41845226506560096,-0.9986108200034559,3
-1.656069481334949,1.2568324573526621,0
1.1003553118271008,-1.3493132346415888,1
0.662085075436566,0.10942483453908061,4
-0.9551904418138908,-0.25113936472970416,3
-0.46234856754846504,0.8786798592940143,0
1.2203226230166138,-2.050522109744536,1
-0.7024915936379206,-0.778088847366481,3
0.8207431268626701,-1.316972005236217,1
0.00544523962459861,-0.3015135102845036,5
1.5113070127335786,-3.992603158998044,1
0.5955716790023896,0.4500257429270642,4
0.650965853283202,0.6261777386827048,4
-1.2671110235558798,1.61594066070793,0
-0.6073824022049763,0.7395916071604051,0
1.2694081410004954,-1.2115362782307382,2
0.7591943568660837,0.48771757650229247,4
0.7886584776023847,0.5233472587475592,4
0.08711594236514515,-0.5652216892744253,5
-0.4006480310485022,1.2360152947631504,0
0.7049502418266087,-1.1082117207395026,5
0.18937931339094702,-0.939566858273572,5
0.8936450227234485,-1.7768818201040886,1
-1.0629377769892825,-0.04118120046206309,0
-0.4472475064961256,-0.5063978351154436,3
0.003228941441766424,-0.704441751882478,5
0.05470002366003768,-0.7214259769864622,5
1.0715279533074058,-1.0507490951327711,2
0.49451449719165497,0.750376217553031,4
0.3459438170883106,-1.0625789751221941,5
0.47674776385332157,0.45784675181481715,4
-1.0417825293548577,0.0814942254828909,0
0.8209748171919692,-0.7799476257372508,5
-1.0215172570967284,1.769438497599173,0
-1.0004816588765915,-0.0024297509174732333,3
-0.7057121214935884,-0.5916915936905165,3
1.741775071214136,-0.004209971465092983,2
1.137148319437603,-2.429735509423155,1
0.4313247353056269,0.26193814102144164,4
-0.975376193727191,1.371300284552559,0
-1.7173084240208525,0.753055584725814,0
-0.5941940256325466,-1.7573007152357467,3
0.5613361761806479,-0.38080511579205084,5
-0.933953748653737,0.11828306753707868,0
0.9709527238102063,-1.7075409399622583,1
0.6416550561142597,0.6513511341332788,4
0.355204006209397,0.22393216084277062,4
1.55850315591248,-0.5361591056846512,2
-1.9214606204062514,0.15854700077840198,0
0.4158107748342553,-1.3729279229583933,1
-1.463297524738351,1.9643859353012945,0
-0.7469240532272318,1.04337562438816,0
-0.6256605073871413,1.2180608856233301,0
0.7781529385512986,-0.9837392210704462,5
-0.6160454509455924,0.8059750511806748,0
-1.0888458465822823,1.1523593092811446,0
-0.8445127162197825,0.6224335556157591,0
0.5250914992752882,0.7613866097016522,4
0.1917370028509883,0.6956512084407663,4
1.277168821733508,-1.5995780325113764,1
0.6884837548929097,-1.5868732609212184,1
-0.8372406394730447,-0.5450245372757027,3
-1.230187933664731,1.6922343485936844,0
-0.9967098145561961,0.3672622983027134,0
-0.560801659804711,-1.297507195757073,3
1.1001597272850507,0.017122508764871584,2
-1.1295492193111867,1.1129469441990243,0
1.0400322134148536,0.40814727534504835,2
0.35142106039689863,-0.1068787964054309,5
0.04934012415988622,-0.101237301322193,4
0.7083145357334356,-1.6510786308555356,1
-1.129173958907199,-0.5132987452374793,3
0.9901433070814913,-0.22073055953725998,5
-0.8365042174446643,-1.0841869836209217,3
-0.31672001339747163,0.7946309491928363,0
-0.7328823488830462,0.933746962489159,0
-0.6287349751138699,0.88893719391301,0
-0.7954458505870073,1.2238985889480802,0
0.45649146040185423,-0.354854594103906,5
0.367189421414935,-0.979316100576084,5
0.401364932373158,-0.7041072629014731,5
1.6158166548178707,-1.8338767404124237,1
0.6300631732387826,-1.0799983848212558,5
-1.7207500133629905,1.2313698817131504,0
-1.4934087598613652,0.8114541968167155,0
1.0320626793781975,-0.002469622654473214,2
-1.4065172663480032,1.081530793292073,0
-0.4818486553455908,1.3992768291017355,0
0.13693041221449145,0.2363360312405983,4
-0.9353425879622559,1.5601045275755498,0
-0.9597767759758699,-0.3338423919855633,3
-1.148448996519776,1.3977149376491043,0
0.6470205236524873,0.5246961565331842,4
1.0655869834993172,-0.35899065164259564,5
1.147417095826648,0.07456572357693758,2
0.5554537111203212,0.05851187852350067,4
-1.2695078276186516,0.7491848080471535,0
1.0720808952242509,0.353309019659507,2
0.12409910481606409,0.018770292136646854,4
-1.3068116537276235,1.8725977245787604,0
-1.24508509846595,0.39775591139101807,0
-0.785410078722608,-0.6836893596932416,3
0.9730525312587456,-1.468110498998105,1
0.259237636643143,0.2826388219055133,4
0.5736892087068476,-0.20343892910028175,5
-0.7497910049017237,-0.36273268360066135,3
-0.14248521985344464,0.8732320995239852,0
-0.8172514404563209,1.2040333344370464,0
-0.03438848164335483,0.7842468854594259,0
0.9326493138241504,0.10512712200558333,2
0.355204006209397,0.22393216084277062,4
1.4957964530307926,-3.9394345704077285,1
-1.0058144559802868,1.0458508563978912,0
-0.704143652435334,0.43861190774441544,0
0.34571054741901397,-0.5745424445837057,5
0.3939488474866705,-0.28082819204529097,5
0.1781511167782444,-0.6978419631453519,5
1.0714987297535796,0.2940326365305048,2
-1.5031797098407302,1.817449895513658,0
0.2945968110474669,-0.3014580895864023,5
0.910331729597463,0.4687740637297084,2
0.6060832241566129,-1.3316830331979435,1
0.8287067585483369,-1.7322221887735245,1
0.400120447045373,0.688385033235187,4
0.0616182014407574,0.05878820287221977,4
-0.41799445244507893,1.2237937943701773,0
-1.5762343866715316,0.8416225520611764,0
0.8901766307136364,-1.3332772251613145,1
-1.2677002672364446,-0.0544514257763354,3
0.829728729858108,-1.3172866261004332,1
0.40879480478255154,0.686908068243429,4
0.7505419946084881,-1.0651450449081579,5
0.5617685003287608,0.267331682682147,4
1.4247492095511907,-0.7833235457180336,2
0.9578293422659386,0.5424811700736222,2
1.21917536508638,-2.357207058372226,1
0.5924416922874023,0.7693883794969011,4
1.3467217098541113,-0.6763167299986176,2
1.9737457737067021,0.06210682205190237,2
-0.7537093128321519,0.9139045571596057,0
0.7080580255574718,0.5063182160497274,4
-1.2265117604579496,0.026540893934616457,0
1.7385948568762442,-0.26796259541565554,2
-0.5330097488607581,-1.0331207399165099,3
1.0606126158770912,-1.6618055678138546,1
-0.9108982898670435,0.3638878688540356,0
1.1272448432354611,-1.931584227223405,1
-0.0594151642417691,0.6717647181858225,0
0.4139186448303737,0.12146779288466722,4
-0.5623486406167059,-2.1717805984955705,3
-1.4530889707735082,2.021151195082383,0
0.36326495751701954,-1.4007481648786722,1
-0.32274222122682955,-0.5869238892468022,3
0.5735352288218605,-1.8089259762748386,1
-1.4443844441841192,1.5557268683138825,0
0.3189894751002695,-0.2606716739874283,5
-1.0917028726236568,0.23939245225202835,0
1.703809351785122,-0.36219466921983706,2
1.6416335261725163,-0.44205369324365473,2
0.7249578395777774,-0.9706030589668233,5
0.8513384585125678,0.33533426814236506,4
0.98434972312576,-1.3863530958723986,1
1.136959052255543,0.19811766715791276,2
-0.6321400206036979,0.013595503017679238,0
-0.5792280730815573,-1.476589171353297,3
0.3939488474866705,-0.28082819204529097,5
-1.124484437356488,1.0829889572523979,0
0.8793835710881395,-0.8431004089167046,5
0.4832812051901502,-1.489967934513783,1
0.3745367300797232,0.7012194133773662,4
-1.4369385708703728,1.4326341272223875,0
0.7093575687523944,0.3120726327079733,4
-1.1828015895332924,0.04545254658089711,0
1.1510438368444775,-1.0818379895276262,2
0.389553071646038,0.7264038015028471,4
-1.2842209359069134,0.9291004484779478,0
-0.8547270572552322,0.8027139868702865,0
-1.922074706989541,0.13801407252098008,0
0.9132705239494087,0.5845911274725817,4
-1.112739081829347,0.769348135126935,0
0.5051007670306872,0.6473456675428089,4
0.9192776531166559,0.4395999612292697,2
1.0360423625356716,-0.10568584555366506,2
-0.5643290061554986,-0.6599127623136762,3
-1.9166887195594982,0.5493135665268309,0
0.5927931818953394,-0.3754268690244935,5
-0.8220913682029413,0.40179173063775864,0
0.24598025328833054,-0.27873441771929236,5
-0.18146248925386016,-0.25971839394185803,4
-0.08059913972476787,-0.9490503017876418,5
-0.42126301759810064,0.7987703773668706,0
-0.5884027126985355,0.6188969969119819,0
1.4107468042582985,-0.9693787900005162,2
-0.7922098751722664,-0.46420444178795656,3
1.132436952271823,-2.5437915262830484,1
-0.8644047570070535,1.30867474327088,0
-0.48090799122526956,0.9873429442564348,0
1.0932749923168372,-0.33598203405283766,5
-1.7803082270430162,0.7556974175872007,0
0.18189023302408006,-0.4373760474343853,5
0.9134348214204537,0.15568307861602898,2
-1.1973803271141292,1.135463736968898,0
-0.8379007459486295,-1.2080859840795524,3
-1.0107126924982806,1.8419518570113649,0
0.5371716748802688,-0.8405234988962209,5
0.5568847775995269,-1.0254512571796026,5
-0.5037513342760948,-1.2641878892699407,3
-1.7803082270430162,0.7556974175872007,0
1.3487968012081337,-0.3037341153522427,2
-0.5695862024441813,0.7492724953801391,0
0.8250419173942601,0.5457101371276816,4
0.356425285614646,-0.80276882583774,5
0.8240528816637539,-0.368034709970191,5
1.5752006069096243,0.16699333874699876,2
-0.8602725695522782,1.3258203184879351,0
-1.0559887040904985,0.2873101668285298,0
1.684128896444336,-0.36130212836218195,2
0.6662008354498348,-1.7721495666143607,1
0.9837643298069131,-1.2004254953492997,1
0.297720630266896,0.6568788406317186,4
1.709764939134118,0.19356929114307247,2
0.8583576564124471,-1.38075682489183,1
0.5334215493666526,0.6911625045287262,4
-1.307325227424995,0.33826075878259104,0
-0.8608576285582938,-1.1038319611824978,3
0.5725018217073189,0.6735661449417089,4
0.7871908096307595,-1.0515703445115592,5
0.8607120603842034,-0.5251420738924257,5
0.278857708167306,0.5903438873985308,4
-1.6818834706823214,1.0524616547480927,0
0.4424612264466522,0.6854617777273652,4
0.5704901575694501,-0.5007420275352561,5
0.25917234188611704,-0.7154653216909821,5
-1.1322535335508006,1.0505211850488538,0
0.22155971446109782,-0.8889974868734586,5
1.390198011651908,-0.3674564004058581,2
0.43832501570974886,0.7439270911353242,4
-0.8960049754275422,1.6414390599343944,0
1.3574337620188586,-1.6765003015483064,1
-0.6561773216307856,0.7800431780833357,0
1.3500226341848942,-1.6928515247178608,1
0.5779475128001692,0.01829301694397843,4
1.6947339915549666,-0.7601670266809685,2
0.3441980930542706,-0.678179996903871,5
-0.628127713123812,-0.5949854158340087,3
1.2579705838509079,-0.018449330667532803,2
1.2291365044902929,-1.033311104594374,2
0.5499688708405274,-0.49506857069862975,5
1.8724560023804044,-0.47050815662458745,2
-0.5493900522486537,-1.5522915922066927,3
0.5334685721974416,0.20094740870630642,4
0.13782295834128933,-0.8031237757610794,5
0.3408960850887427,-1.299732357110766,1
1.0423929462745893,0.32557483903740886,2
0.2843119876419486,-0.9027940563787051,5
0.6542143481375406,0.4755324586459619,4
-1.4453437260714157,0.6432882186410525,0
0.708734824619214,0.6483884133975193,4
0.6262546582577054,-0.9180350362970167,5
-2.065568696684142,0.556251468948501,0
1.0882857996490802,0.405797705364376,2
1.4926521485036797,-1.0138318979288823,2
-1.204177668093586,0.27259332917877005,0
0.6040708683370214,0.7498552596033409,4
0.36462029637284077,0.6895527297283983,4
0.26456024296907044,-0.7783223527893641,5
1.3379525225493096,0.21033430638319542,2
-1.7951112539584166,0.2237409662093356,0
-0.6928312666259903,0.2627785979404846,0
-2.0259043567480464,0.7782060463055095,0
-0.434131768035102,0.8419890197334976,0
-1.1054922514664276,1.7512674700890485,0
-0.3392171927898453,0.7955697473629018,0
-1.5185281508699506,1.6864037591725896,0
1.9873084538567463,-0.11259071913635013,2
-1.764991534205922,0.9710217011099442,0
0.13118581085449818,0.13036049444021272,4
0.4000339637708695,-1.439878548364908,1
-0.8215070124067193,0.9364507710028535,0
-1.8888652448718186,0.4457067564338301,0
-0.8087530350276523,-1.8428877360254194,3
0.970705436057484,-0.1437728056707285,5
-2.1947802306744375,0.9790252663192754,0
0.6362660713965611,-1.5533367263005495,1
-0.037448700726138213,-0.8267355338269755,5
-0.5358899462407015,0.0823354954193363,0
-1.2702214472054256,1.2909469119667702,0
1.232608516301221,-1.8983070960230208,1
0.5270005639539999,-0.7068538903407627,5
0.5459994822130511,0.5803190080549901,4
1.0676350762092772,-1.3011937223276395,1
0.6407146917227204,-1.5219197285003403,1
-1.3887356503241115,0.8964858757885485,0
-0.8488214784965281,0.29990982202136124,0
0.4487322783125878,0.3147710549801429,4
-1.0462937007670488,0.5701002748329872,0
-1.1769106859556873,0.929247587721395,0
0.25708959592069763,0.08435343891844171,4
1.8160977505521114,0.02484527802868712,2
0.5877191083492185,0.1229629491446261,4
-0.41711437964575837,1.0059179568125898,0
1.3766840489529513,0.2942071643034588,2
-0.3328778719354519,0.40383494543310566,0
1.5006958538796191,0.14422235941980982,2
0.8093336174079229,-0.9103053225078602,5
0.732343409771234,-0.09807810133879935,5
-1.1766073143413556,1.09441193888281,0
0.38800705918848755,0.5965095755641038,4
-0.7985376795255559,0.6206238631812229,0
-0.5372771370410424,0.04119067457228024,0
0.1889428506804055,0.17247600745925232,4
0.5376290379076588,0.6305131379682258,4
-0.8985425482539807,0.988519871887048,0
0.40576249505832945,-1.6734861235750949,1
0.3917257938787872,-1.2609198804344521,1
0.5068431479363328,0.7901408055622337,4
0.9329117609351528,0.33113843687403094,2
-0.8928634952675112,0.19882348497868874,0
-0.6091078023236716,0.6149005412663346,0
1.0640966860065777,-0.6948780567587424,2
0.9057909080943739,-1.320245434189086,1
-1.2490311197783874,0.3567960181667588,0
-0.9005618208910443,1.4225557750354554,0
0.1010682353154338,-0.9353275475028676,5
-0.18805355920816472,0.9133797712522068,0
1.2207026329685833,-2.0212512750904335,1
0.10772801232342102,0.8347452702626496,0
-1.1623717431313962,0.22979491527166462,0
0.9006417870786839,-0.5519474158101056,5
-0.917613355302606,0.8011330233803409,0
1.219169232174953,-2.144623677289896,1
1.0887201066182843,-0.9139814322908967,2
0.9143334774026185,0.2313835516149555,2
-1.0591962629134368,0.2668370969901504,0
-2.3158355226683667,2.1258057815760996,0
1.7449019914733688,0.13267591768276127,2
-0.9718805609844802,0.4073848681132488,0
1.1350621727035979,0.3155121882522056,2
-1.2607843950615762,0.12488133186624435,0
1.0130904715626616,-0.37209195561753666,5
0.3930695240093458,-1.0948318396796368,5
-0.6688901093617906,-1.2377817220443839,3
-0.4521081270550531,-0.6023309788185495,3
1.669992201140188,-0.20599531042696081,2
1.3297493614745475,0.12575861170636618,2
0.005204499792468055,0.750264935772392,0
-0.7653378087280376,-1.9134425699728712,3
-0.890048488892282,0.09592057872785018,0
0.7017897750026398,-1.0557999837609064,5
0.6468756163263918,-0.9603046500225313,5
0.28618647976128836,-0.9838628336177102,5
-1.0919387015154667,0.8780037843662765,0
1.953413269982658,-0.3464682331193645,2
0.6434927622926169,0.505600744977029,4
0.5415884202058484,-0.5717100776658997,5
0.5433904356061212,-0.7075529499531623,5
1.1386991275552554,-1.8071657424092613,1
-0.7346372031161691,0.8926676064947681,0
0.6166990172782532,-0.5230893738922048,5
0.16541921557492983,-0.4403529282264669,5
1.4202225675240303,0.18209178652160019,2
-0.03355053226257342,-0.2879800027786953,5
1.077119058959675,0.24182564447795202,2
0.5721492715206967,0.6367301309301419,4
-1.335130637691061,2.0785486607179453,0
0.4551315449184615,0.5522400063532737,4
-1.2610440062773438,0.939472283072059,0
0.4923194682225518,0.6322723216858936,4
-1.5326036208114846,0.5532403736668252,0
-0.5429537115011684,-1.262728675162188,3
1.5869377775360667,-0.024518777877420694,2
-1.200373971828671,2.013690183602143,0
-0.397706746642224,0.5670911443439491,0
-2.107550689235142,0.640138554676316,0
-1.4149037346138904,0.23997504709667486,0
-0.10367004607053451,0.34044066215799995,4
-0.21035985749434977,0.9140695997274451,0
0.9899354913004726,-0.5991433401579804,5
-1.4573767289812574,2.2341926438171265,0
-0.7221623077940706,0.29517631512955406,0
1.8199498414832715,-2.5588362640837516,1
1.0186322603062796,-2.2343780737328,1
-0.018496736129613604,0.4698949778369158,4
1.4259553757101977,-1.0111468396330787,2
-0.8757321523103276,1.3090417021414207,0
1.5335723288762428,0.21344220156976457,2
-1.348033326645821,2.158612649860145,0
-0.9861969782626042,0.7926928677327436,0
0.6562128703221877,0.6652121691573051,4
-0.6193982514074574,0.39410923961952393,0
0.5725018217073189,0.6735661449417089,4
1.3151783707292666,-0.8043734854024241,2
1.717542427733589,-2.1218808656340014,1
1.496922995092659,-0.28159817050311003,2
0.06411724759387662,-0.9703479408266115,5
0.2420295054838897,-0.9418170368557939,5
1.167439080558205,0.3198807349417244,2
1.2150741419179312,-1.0023100330356856,2
0.0788068387026676,-0.7903422248234445,5
-0.8630460519666958,1.0399598496080642,0
-1.0769956782143735,0.1376308871746353,0
0.6470170882997704,-0.20252797678232792,5
-1.204282377182124,1.0341216212092388,0
1.1745239421119906,-0.8553700128494721,2
1.4867920593478872,-2.9930771492884687,1
0.7070768749988822,-0.003940540827931502,4
0.044836964727983646,-0.7062728368420046,5
1.4087224477604219,-0.18288416793319254,2
0.9650370003859363,-0.6924372255550881,5
1.8504217540534151,-0.333100936894077,2
-1.6631826672562968,2.2430497927916004,0
0.44294406641838036,0.7137095144516892,4
0.5588869656974105,-0.7577236378596128,5
0.09430509799838634,0.3876871799119004,4
-0.05559957105088062,-0.6400119890971856,5
0.03817468613775663,0.7564573688283838,0
-1.0629030315095005,1.770636597562438,0
-0.002397774292417683,0.7600879665649422,0
0.854000280436844,-1.5679004287023455,1
-0.9975304949493982,0.21018276329466254,0
-0.07911355719587898,-0.6803795482039711,5
1.2398160360848578,0.3132337234336765,2
0.13941220090802042,-0.5996578955940918,5
1.752298144397534,0.11048231633724931,2
0.5448455264979575,-0.9764711657616273,5
-1.8294094807866002,0.6879934636451795,0
1.8748651529623634,-0.02866188156829555,2
-0.7978346887816927,0.2477343174621457,0
-0.1112160287891874,0.5606652228027613,0
-0.5066965266842821,1.3880430942498079,0
1.2565229054817961,-1.0040996371610942,2
-0.46502995253818286,0.8991997284568067,0
0.6336538661096363,-0.8040712630563033,5
-1.0017817093047554,-0.26995811318002966,3
0.20818752346430172,-1.0853098286446705,5
0.9474132491927988,0.43674703174180346,2
-1.8579504600068208,-0.02898881626096808,0
-1.6013858947692874,0.6988516351905651,0
0.9506356561172462,-1.6300593825847671,1
-1.6629478989432542,2.139346657053998,0
-0.4847793454930893,0.9457176469599209,0
-0.7367921606560047,0.05348993670868796,0
0.5355814063189019,0.6055960801843283,4
-2.108267870982841,0.4768480396487933,0
1.3527181410102673,0.12536609359601572,2
0.8399030571044815,-1.359283421615514,1
-0.7662438541768667,0.1723368798267424,0
0.6318783421202663,0.5984322605037227,4
-1.077212751002765,1.7589636807786875,0
0.9282760061122929,-1.7643615696279058,1
-1.2465457804519227,0.2742939078794749,0
-0.8383470881801679,-1.6768483069465459,3
0.4424835677670554,0.08222246903863885,4
-1.1074560051152325,1.2557712492238697,0
0.26781698036421714,-0.32206601871538715,5
-0.10928610990582947,0.5606338708126053,0
-1.113588086590111,0.6623844093389953,0
-0.5784012136647261,1.2698540517296995,0
-1.2443614956060312,-0.1169052340327876,3
-0.7105433801623289,1.0141683914211699,0
0.3518681634784221,-0.06750269529469984,5
0.2435464903640843,0.15659211695512842,4
-0.7575842869010879,1.0577927126203432,0
1.2152380128519045,-1.3992023474609765,1
-0.8393953664522787,1.1017016069089576,0
-1.0161003976046816,1.5508877707644568,0
0.07143791498332998,0.37078964280725707,4
0.2208447576229987,0.2244573532587504,4
-0.5909203305065097,-0.10677923562818444,0
1.953490404025548,-0.21021346580270048,2
1.3974806480733764,-1.019141410835274,2
1.0491706665484133,0.5247682949050685,2
-1.307480383168968,1.078149080560944,0
0.5872867726730345,-1.64475174501776,1
-1.1156927127548126,-0.08530437569537806,0
-1.2181552881238626,1.3214307010928497,0
0.24447314792905095,0.6427751876126608,4
-0.48353300415258493,0.8011740638300224,0
-1.0226485141225272,0.8017233927054177,0
1.233047007944974,-0.5129352755675367,2
-0.8567425602268296,1.5777929614029513,0
0.22490957527549835,-0.4526657067801088,5
0.5389702664558957,-1.642145600240626,1
1.5216574652088721,-4.032244490155021,1
-1.0905546232830006,1.1524548896600546,0
-0.5060738632472713,0.3075521702967149,0
-0.49447136305703626,1.1102480646044908,0
-0.8025337440124164,-2.1711218848802223,3
1.700086962709575,0.03409557181491225,2
0.18964827383841,0.2724743237310025,4
-1.6460823116414183,0.9888558175245434,0
-1.1618052442523286,1.9582080857481332,0
1.3631073161354323,-0.8220662214478263,2
-0.9817546522404568,1.210024477891497,0
0.2535693738919235,-0.009477969661511538,4
0.5877438705557738,-0.8542440681962596,5
-1.4449455940576412,0.684367896454867,0
-0.6477101571610017,-0.5527830962508561,3
-0.5408012785997146,-0.3297813183802682,3
0.5618869738840628,0.7606166143059053,4
-0.5703399741563926,-1.1578087231190444,3
-1.3154250858308882,1.9362380134221702,0
0.17830456637393,0.21409671459419746,4
0.04444159944118165,-0.8921019436732127,5
-1.0480712536894663,0.40215245637351665,0
-0.18899418874443666,0.20765788639900779,4
-1.0460398650937348,1.749577884063491,0
-0.4516461528159603,-0.9877011065312202,3
-0.614094793137807,0.16182493520368213,0
1.5239460095502517,-2.9434479649632,1
0.400120447045373,0.688385033235187,4
0.351491658047268,-1.5564548180827913,1
0.646757949733195,0.4268826386801482,4
0.8671233161402913,-0.4718972987801786,5
-0.636801090978475,0.3948295054404308,0
-1.7773469415061534,1.0854251474804595,0
-0.06590204386892987,0.8675254105937225,0
0.4004798102971557,0.746049236387028,4
0.23031697025571288,0.18965667793501506,4
-0.41256362098164495,0.9034156480345091,0
0.3661795314797825,-1.1038468834426798,5
-1.3688588611193613,2.0181886606628656,0
-0.9498657719707027,0.7370332271657144,0
-0.9114876834119582,0.22008076108267952,0
0.38140891102428975,-1.7891161424616655,1
0.4957625562085178,0.6259204186200704,4
-1.6427973651589283,0.7815511224322836,0
-1.0961039283016547,0.41201261496864156,0
0.7539086056492375,-0.8581877623888328,5
0.15711395074618087,-1.0284349808694586,5
-1.1230133570882879,0.33102126071596044,0
0.5963581787892424,-1.6142102485817587,1
0.5584669073723155,-1.3942864705643148,1
-1.0977038804074661,0.2683498178171501,0
1.4513625524378448,0.297246799889395,2
0.395140995562252,-1.5540780628267823,1
0.15092882880930508,-0.7107906400082358,5
-0.9472058752272444,0.592354056417206,0
0.5421249000970557,-0.20552877384124582,5
0.36254091659195775,-1.4846600984562202,1
-0.4000651047279278,-1.2683190009517826,3
-0.9440799348505271,1.3336499318116894,0
1.0297488310129719,0.2996662046924441,2
0.293514375224985,0.23964091381070818,4
-0.2600179035165785,-0.03114063665423983,4
0.5060791739183644,0.7235659975299735,4
0.9445842939022426,0.4939673950487825,2
-1.289215016459013,0.42027292435323027,0
1.6260173351388683,-0.0029889545688770573,2
0.047093207531711576,0.7345321140965091,0
0.9537581726693176,-0.268830542491531,5
0.8510060132087599,-1.9809448447426978,1
-0.960443822324987,1.4569208253791954,0
1.3877895296956115,-0.9108425916227524,2
0.2660570768544124,-0.5675469364791991,5
0.9671558636665939,0.4130327657098248,2
0.02795729017454157,-0.5400284426447491,5
0.90091990078129,0.017065241839386104,2
-0.6119486430122122,-0.0849829796848579,0
1.1315240822296804,-1.4708630885662966,1
-1.1329575502892997,-0.7550558223116671,3
-1.015553104422082,1.6191852783504164,0
0.6478076805370135,-0.13724756048231976,5
-1.186295527655705,1.8559844048682794,0
0.7052498437753923,-1.4198913073416557,1
1.4001163128995808,-1.6784365706566298,1
0.5029682315075062,-1.4742801336861588,1
1.6772997496325617,-0.8978643920589281,2
-1.2274847606999717,-0.7128247591696026,3
0.459917429264509,0.16099143974742638,4
1.7830722296670454,-0.08010211335750568,2
0.12013190651413834,-0.2949651787845888,4
-0.6091114221248697,-0.5957678266857784,3
1.7050413061452383,-3.6168350906758353,1
-0.9038225700403298,0.8988376307539564,0
-1.1932214522719804,1.073592015420945,0
1.3260667556275572,0.36459627816836865,2
1.3149815526880393,-0.8284148724435584,2
-0.7032765947809454,0.23268107685252654,0
0.396987947219993,0.688520993486763,4
-1.2231095508633565,1.6520790548256599,0
-1.2727591353121648,1.0229970170290703,0
0.3462338968851526,-1.0286789708315827,5
0.9984180226330782,-1.6997776553225956,1
-1.1314583070458766,1.3184302766668978,0
-0.8849366495227451,0.4520292384262795,0
-1.169369291392677,-0.408303741509471,3
0.6228880587450272,0.0936403862469497,4
0.8101843859571658,0.35777646654973805,4
-0.8941048680275033,1.0086482900246052,0
-1.0490979399630878,1.3661972103587263,0
-1.7859007275867198,0.6860253344105528,0
0.8630337478092254,0.3999342226069961,2
-1.5961643892586892,0.6378343951147959,0
1.9796844609649995,-0.08023111214629453,2
1.8802075413863448,-0.2551900215472287,2
-1.0541289563204381,0.7947559845209758,0
-0.18805355920816472,0.9133797712522068,0
-0.7848735757753406,0.09194143358129046,0
-1.0489078773469118,0.32001093631905025,0
0.437486097974523,-0.15154750643228793,5
-1.2309514119774472,-0.42037457958278396,3
-0.3359165105476532,0.7404457498754783,0
1.6737702705963327,-0.4994642349120149,2
-0.26635646352106884,0.966157061258396,0
0.7031309804947348,-1.671306846900846,1
-0.6999423429179571,-0.426653311066982,3
0.40311530220295,-1.0641538409802975,5
0.09816077414661338,-0.49884715457189327,5
-1.46238038932549,0.38603397642298554,0
0.39175343809261576,-0.611880039625912,5
0.26291956233639985,-0.953465546174248,5
0.4424835677670554,0.08222246903863885,4
0.14366399166488153,-0.7310397235047021,5
-0.014047285785452604,-0.7036313596758969,5
-2.0395702358148116,0.815429937452075,0
-1.0629377769892825,-0.04118120046206309,0
-0.7868318074981896,-0.8132489950238949,3
0.9537581726693176,-0.268830542491531,5
-0.42825446753192165,0.38680129563577736,0
-1.1197140927936722,0.08427652406826502,0
0.1699786894291254,0.3952832031233735,4
-1.030708739164296,0.08122884299577672,0
-1.1074197033515951,1.7923876802166379,0
-1.1141906797284389,1.1533012578942161,0
-0.8982231065669517,1.600110734245417,0
-0.1480868621243023,-1.0083518207101858,5
0.44056880824205963,-0.8961882377612069,5
-0.8873897103676183,0.36320054718295636,0
-1.2294460473505862,1.146906688343425,0
-1.006239056348904,1.510519144572075,0
-1.8299140856773095,0.5044912978052609,0
0.3994402933271653,0.5858081639699798,4
-0.7872065606689359,-0.8492719067700703,3
1.325866513761684,-0.8204139156657119,2
-0.8704255584168241,1.3755081755816372,0
0.3817356614817316,-1.3719531656984347,1
0.9139081161840982,-1.9841997436697736,1
-1.1150888054212202,-0.013416023544606548,0
1.887232099819759,-0.23919222389281253,2
0.5532160169154701,-1.321444211666813,1
-0.8042014809295046,-0.4722032813322972,3
-0.46988713774439345,0.0798664965443877,0
-0.8429050749185246,1.3905069440137385,0
-1.9128855074717646,0.9098724981191038,0
1.953490404025548,-0.21021346580270048,2
-0.4367360189820117,0.6181592512134322,0
-1.4002595639398308,1.7605632589835833,0
1.7601738056930225,-0.2115579936188547,2
-1.3355390757628225,1.0554680921164887,0
-0.8190496861910456,0.9980288577029999,0
-1.36843366129318,0.9356616527562497,0
0.4956570286298852,-0.7431949968409095,5
1.085604656748035,-1.8423987567670455,1
0.23924172831340648,-0.5285090676180244,5
1.5839225408229536,-1.0587880096687632,2
0.32043900948201876,0.6559389753760568,4
0.9465316201096228,-0.9701283922053989,2
1.4712248970220974,-1.8186596259476466,1
1.825437033481037,-0.05727291858400689,2
0.11620338474988189,0.18254338390920544,4
0.390196889016477,0.7839474239856582,4
-1.010936947248795,1.3931062628310258,0
0.5960853564520726,-1.2950480208443498,1
-1.252993533948282,1.4871621320134245,0
-1.1262305187594193,0.18727682304954235,0
1.82771381923264,0.14280713295009323,2
-1.276729100341063,0.6831621405761843,0
-1.7837131226684122,0.9322640523066678,0
0.648962685302803,-0.028158674502610663,4
0.7752575357008727,0.24079358641689316,4
-0.3965578286758231,-0.9377287949133305,3
-1.382513892310685,1.2654095895238895,0
-0.6762400464171904,0.0053478292812112966,0
-1.0766513590405702,1.823096946216976,0
-1.2360249552342664,-0.5347044139869969,3
0.17793278743477944,-0.7243960826317583,5
0.34288618028410045,-0.40435781151861994,5
-1.8592179898648846,-0.0043280453299639286,0
-1.7779668382161917,1.1482375473017175,0
0.3086677389454787,-0.49099516632695034,5
0.636945210648204,-1.464976824379147,1
1.6890192362623417,-0.007134988510660238,2
1.6399840611815832,-0.014986942879988361,2
-1.2201829646941555,0.8009359343697151,0
-0.40983266546669617,0.5922470091030972,0
0.5327506872399489,0.6244624748520842,4
0.8865108327330223,0.04485304774574399,2
0.388280285006751,0.6297276274869924,4
-1.4027323031304464,1.6780585402648145,0
0.400120447045373,0.688385033235187,4
-0.6633994013152206,-0.8012001253629492,3
0.8332074970941693,-0.9861468540563195,5
1.6535467298036381,-0.5139652502709452,2
-0.11406636857369142,1.0190799152865293,0
-1.9161517324349675,0.19961375500028689,0
-1.0827110906046717,1.7506113818431126,0
-1.0107385729236302,0.8207273059085657,0
-1.2510849073347134,1.1029788913962921,0
0.8717169244887157,-0.49037728990711327,5
-1.3149609904345074,1.0153492147609624,0
-0.337324959033734,-0.9405074857333344,3
-1.0313138799969839,1.3938142995123928,0
-0.616183026445133,-0.08622694738963944,0
-1.0502468233453575,0.1811231607690986,0
-1.3435984477304475,0.2487109209494884,0
1.2089474555606368,0.2565842678435661,2
-0.9180923564406874,1.6215593912990853,0
-0.11751455194854141,0.04535837204493475,4
-0.4292121239671004,-0.08651467092208688,0
0.3910593124031028,-1.553882853919396,1
1.5414880616009987,-0.03511698705283174,2
-1.1318157335888521,1.154123913115952,0
1.6375177546312585,-0.48304747913808455,2
1.3214016965546196,-1.1624384855806174,2
0.5566387118179108,0.24497972922570188,4
0.18368798305355244,-0.655293416639874,5
0.8991274651732322,-1.590959436443959,1
0.6410411770354296,-1.7503226700711956,1
-0.5087813361669622,1.024652896701181,0
0.5477003045736721,-0.7697028251392909,5
0.041508984112865216,0.7006839735521712,0
-0.08075899890460232,-0.6802787509623321,5
-2.1063491688718052,0.45642183688581583,0
0.16635740116898948,-1.1455774326394608,5
0.5288291514613451,-1.7028700692995338,1
1.2403826156601772,0.36069215083129963,2
0.4458429276775013,-1.3757607133229488,1
-1.1546866171012762,0.2382930661729925,0
-0.6386145306556111,0.20964595150213447,0
0.1529792271250345,-0.7521099039390885,5
1.1297971719391682,-1.5954693804401212,1
0.6342440435605141,-0.41917798708979237,5
0.4072126058415825,0.6870068837547433,4
1.871787100018568,-0.16382551154664587,2
-1.2714988796404645,2.076215689846043,0
-0.9974851667388255,0.21465334368997202,0
1.1160427576087917,-0.047695588478024194,2
1.6531193972920977,-0.6195156635685041,2
-1.6841940450872512,-0.23408560968532055,0
-0.20010866134981892,0.9138030824032642,0
1.1436053760534557,0.36962706154944885,2
0.2143546847317936,-0.9611690909601216,5
-0.3140484618166305,1.153464250980501,0
-1.2720710041977998,1.981504020361517,0
-0.9353425879622559,1.5601045275755498,0
0.08723654860580651,-0.7254389809273369,5
-1.2736459750644438,1.5494868737296177,0
0.3894501609300278,-0.18081830721077574,5
1.0400322134148536,0.40814727534504835,2
-0.9121641712169293,0.36399220610957456,0
0.09329696032364154,0.06393580671609142,4
-0.5085413341285927,1.0497543739719686,0
0.9696228618987232,-0.14198394681149273,5
-0.6156658329466455,0.8059812165639874,0
0.7040953347149371,-0.957764342730788,5
-2.1964519793455826,2.094976188974444,0
-1.0729646722712605,0.8500076088300959,0
-1.1220928900749396,-0.01830159859902166,0
0.3321311746828125,0.3595281129170011,4
-0.9724871658768648,1.7707957626907738,0
0.5851157681166438,-1.0199585612504725,5
-1.394908460325849,-0.234076497113172,3
1.6012255130777373,-0.48127345784963277,2
-0.5327549563610708,1.342871719169028,0
-0.7038134896813174,-0.9014507650269433,3
0.5176548714409255,0.6561949912230691,4
-1.7943612980238737,0.802291929121068,0
0.49451449719165497,0.750376217553031,4
0.36667363433595285,-0.5545854376514706,5
1.162100980561084,-1.5221357371076527,1
-0.4043204000056043,-0.6665088924718897,3
0.4424379282997936,0.7137012995865818,4
0.2840738300883093,0.06070021695611476,4
-0.06384310328369235,0.663923349983061,0
0.4161194608700835,-1.7528439222633116,1
0.20534416966536845,0.777641151531085,4
0.22619919283738565,-0.27647858188990526,5
-0.3491676802947871,-0.44140913968462836,3
1.988813956819968,-0.35504367150383515,2
0.3599238003645482,-0.36741222645085747,5
1.4957964530307926,-3.9394345704077285,1
0.9749575611272583,-1.2600541522191677,1
1.156580449503124,-0.6472919856017356,2
-0.9302238433032358,1.7644598150946327,0
0.5529988749588981,-1.7597924108513074,1
0.13283331608040033,-0.15152228594958886,4
-1.0926063127379346,0.5769974925002548,0
1.5726151697062423,-0.07494932652652,2
-0.6091114221248697,-0.5957678266857784,3
1.4228964131826518,0.31149960775783947,2
-0.7526670406631782,1.2223828362430873,0
-0.4011313551974936,-0.605263567090377,3
-0.035543451825095024,-0.7854328520672059,5
0.5984721426575682,-1.0747721045892213,5
-0.27331950839107627,0.7655710756616321,0
0.3859309994799388,-1.3137420388482723,1
-2.257128411850415,2.053604045025745,0
0.4690058507517164,0.1824681120320021,4
0.5033893388832972,-0.2923280885258797,5
1.183682776801004,-1.5985613370949359,1
-1.2036333721985606,-0.466338138664257,3
-1.8126441066419001,0.03463878612053764,0
0.30767676650608355,-0.6148945055429325,5
-1.3427517024634141,1.4315123831600907,0
0.7960310441789806,-1.2522097690760998,1
0.4043099979729735,-0.3180560805281205,5
1.0533022660736957,-1.9186989318555359,1
-0.22254805073221368,1.0636424248922949,0
-1.6724211375705222,2.416242353757669,0
0.2092633076139622,-1.0853572038562198,5
0.48062475532739796,0.352842821831384,4
0.3528256239371305,-1.4008873941385078,1
-0.3468992984764131,0.5900226607668068,0
0.9125957422928068,-0.03977012376971955,2
-0.15696542736937238,0.3765861363037705,4
0.8757736148807082,-0.44208284331138836,5
1.1653595509128898,-1.9977864021997906,1
-1.6825824612001168,1.0237327640596083,0
1.0644876130020873,-1.8470884623370587,1
-1.3807611938189814,1.3632292558223102,0
0.446745629997936,-0.8896325044138278,5
0.352247170491816,-0.27933290028239155,5
-0.43984112821014293,0.05802213706126676,0
0.5228899684977956,-0.043077038883937296,4
-0.4023388586079076,0.8497776264831851,0
1.447521747447187,-1.9219867579945116,1
1.4993437543999626,-0.43511109903309036,2
0.5521643609307517,-1.5306146127170148,1
-0.6475229304400604,-1.0094209896358914,3
1.8046399617115017,-0.5318257389429972,2
0.12520787065702782,0.11416491332278114,4
0.42929897238816295,0.30917961129140925,4
0.3995388925602547,0.23637651274058993,4
-0.634735786921127,0.751819798010525,0
-0.6079874969256258,0.34211258198919076,0
0.8086441144581017,-0.9998066502923469,5
0.6189214944847147,0.5263010362899662,4
-0.9165409142814218,1.6423238263113786,0
-0.9304401091296038,1.6657374113431247,0
-0.27238111529255715,-0.7481416159647357,3
-1.0438410318750342,1.5428356108171115,0
0.33354075291567686,-1.2770686452897837,1
1.0921478392694177,-1.0932967439314485,2
0.28577453716862966,0.600715976060836,4
-1.2757407793483395,1.401876046291697,0
1.476597857779301,0.36198791453064383,2
0.5222204205663568,0.48569104550511355,4
-0.07491306616859644,0.23870191238623198,4
-1.3281672700362115,0.5453821353494126,0
0.1347765613654612,0.43191016999065585,4
0.8338501155495623,-1.193320094369174,1
1.6538548740220937,-0.428042487098188,2
-0.12611970692686686,0.9378303602018596,0
1.3995028257737734,-0.7484924330486298,2
-0.5548670649967221,-0.2670002536117199,3
0.4837380033441075,-1.4110845654567246,1
1.368745191001829,0.04875939394364459,2
-1.107488721661885,0.7320034939325436,0
0.9537581726693176,-0.268830542491531,5
0.5180488072520799,0.6830755542044099,4
0.38843127913215325,0.6466478952083442,4
0.19112831138528283,0.39113940497986827,4
0.9403543372325432,-0.8456009799741477,2
1.4506118125973386,-0.04615612276036488,2
0.45374588734599786,0.8081226540451033,4
0.7347673969267131,-0.7884518234566377,5
-1.062933211889782,1.7911211682118715,0
-0.2027437728306617,-0.07477041184640812,4
0.9710118625995812,0.4987456348452801,2
-0.8494936087064583,1.370897095586244,0
-1.1498545629985015,1.3578427772519586,0
-0.20582899620850917,0.6799705553926529,0
0.42755064301948964,-0.3067646044906563,5
-0.9659225296932717,0.22513683269792906,0
-0.841142623714196,-1.8832258909962771,3
1.3975296191410433,-1.0151546097732969,2
-1.6053214140471856,1.4853396684275864,0
0.38209676546593285,-1.729584251621317,1
0.06719894339484847,0.6016257935417232,0
1.9798122145837345,-0.08054082102903685,2
0.8366465387418653,-1.4423496814110495,1
-0.1254612604875311,0.849954457806128,0
0.4375311840963411,0.31527986847993184,4
1.5528567041924441,-0.6847555306168096,2
-0.9780772570625693,1.7269910701547577,0
1.6488999772409867,0.16171959861401702,2
-2.196772654531707,1.0304992552757157,0
0.5618869738840628,0.7606166143059053,4
1.1770502174698556,-1.3341484751210644,1
0.5443530836779543,0.8374107991987748,4
0.27093866689828694,-1.2243698114796595,1
1.3379525225493096,0.21033430638319542,2
-1.8162660865837588,2.2751852779368025,0
0.40624798647672933,0.6604321508848936,4
1.155291961688102,0.21776616779570188,2
-0.21035985749434977,0.9140695997274451,0
0.2954915129156842,-0.8105337534506167,5
-0.49965343117998023,1.3190200701045978,0
-1.9534978087706047,0.13201481582850727,0
0.4206602477890413,0.686415633660553,4
0.5244719714622124,0.7130398589752172,4
-0.7748691370940666,0.6195125020306004,0
-0.39520774660122504,1.0833864720333792,0
-1.7741175947081735,2.1525387141157735,0
0.16819085350469923,-0.959200318086407,5
-0.865025137894273,0.678485307784558,0
0.4296135723028877,0.7842787117098738,4
0.9150622217636236,0.46467901276508544,2
0.6503484927396166,0.10936861776126384,4
0.4545762743397047,0.38695644648992117,4
0.4861092497662894,0.5965282749682113,4
1.3341093427847022,0.3004525790048632,2
0.3383413124428234,0.7474656485071132,4
-1.5858340531941988,1.7593607551752326,0
0.34413933468984725,-1.2772364995435186,1
1.7050413061452383,-3.6168350906758353,1
0.35463438323446533,-0.5752219917743547,5
1.5954652335981512,-0.7694321919135924,2
-0.6184687694754089,1.3526572664637244,0
-0.47930256330562243,-0.8460662800957109,3
0.6577332790270282,0.4814371004177953,4
0.34979435173553336,-0.5837504445179292,5
0.3422844171639382,-1.4081803142349874,1
-1.4450665000270846,0.6678621830079436,0
-0.636867872851176,0.16849279722495825,0
0.2630317300597828,-0.9407155504811799,5
0.32223266706118275,-1.3183927703880862,1
-1.0419795549006263,1.9541334110364466,0
1.145776311441666,-1.624523071650326,1
0.3535689858390432,-1.0097945373362534,5
-1.600400882320909,0.3913161685513409,0
0.6193976943116924,0.6023382510063442,4
-1.9790994748775674,0.8273845478879012,0
0.22826380521301098,0.7213019976492623,4
-0.46114599813451396,1.0853945407564762,0
0.9019234387724031,-0.8646912085434297,5
1.7067796752967452,-0.23765685713874304,2
0.6752181059412291,-0.3791277419678649,5
0.6014496020191941,0.7186425155311961,4
-0.7364796242584587,0.9538093568246019,0
-1.0019175094878283,1.5416340894049594,0
-0.5036118335957362,-1.2227498570218274,3
-1.3410109354818973,1.5519246899929655,0
0.40037718778193837,-1.4017459406986665,1
0.2297264584919218,0.7496818497297666,4
0.18867334841556996,0.2002668113682295,4
-1.023920805056562,1.7900687338978762,0
0.06765312468618326,0.5530775668972638,0
1.4957964530307926,-3.9394345704077285,1
0.5866055468481527,0.750442342982471,4
-1.3377640314955455,1.937020322646855,0
0.39768414795475576,0.6884700443854583,4
1.2269172320759467,-1.318719467950733,1
-0.5495133329921289,-0.9304788631212423,3
0.5078867573567134,0.8724589367473045,4
-0.6086141721166934,-1.0525494717409887,3
0.224881227851958,-0.4535366857339776,5
-0.7367424863785439,0.9338698128325631,0
0.3807962193324346,0.3572453628183991,4
-1.511477458394525,1.736157436813995,0
-1.3824717919482878,1.1833188830677872,0
0.9799129651416068,0.4651492079299539,2
0.344898420823473,-1.1870443608873544,5
0.7180914802879487,-0.21608684027377584,5
1.8494525811171325,0.03794565042121286,2
1.502199869727084,0.22678239720935411,2
-0.10859227241702744,0.2511694183475091,4
-1.1051395629434446,0.9320394900768966,0
0.6013292378671233,0.7096192738412141,4
1.0981399243586036,-2.615295422747468,1
0.027206296717373863,0.040792753282477244,4
0.14971284076949237,-0.9584627756422682,5
1.4285455739895507,-2.904101318801698,1
-0.9666703298863951,0.6551829367819806,0
0.509499885999796,-0.3100911336537097,5
-0.018761753991118228,0.8594084124948722,0
-0.12888955801209737,0.45813896388174824,4
-0.5162166267499999,-0.3720966474066718,3
0.4533660272583784,0.8081786506308222,4
0.910377714905627,-1.4667014040360862,1
0.6987900550166984,-0.38002492380063124,5
1.183229448583813,0.41209398447768714,2
-1.0537009551832353,0.6852591839102018,0
0.24405951071609394,-0.69223674897119,5
1.147417095826648,0.07456572357693758,2
-1.35486770718284,1.2301957827063603,0
-0.7705947975122609,-0.3412409366152761,3
0.8881975908981795,0.36553956487291767,2
-0.5590424133924977,-0.30837094090416917,3
0.25678645486696733,0.7319005625199524,4
1.7686298917267635,0.11640520019106686,2
0.19087251594710178,0.7509163999806631,4
0.270721513413644,-1.0470121445347342,5
1.1190390652979945,-0.2733408929965147,5
0.926178654133955,-0.6130732614835589,5
1.540484569721924,0.22526135988992127,2
-0.816882451300121,0.4509300725393415,0
-0.3330435873540734,-0.5816663586516967,3
0.43211501628601695,0.7009071468766817,4
1.8153230439390844,0.06870554370343214,2
-1.874995019960801,0.588420270876256,0
-0.5038827307520881,-1.3263127980413234,3
0.36462029637284077,0.6895527297283983,4
-0.439193737150708,1.1299956348215474,0
-1.512070794525398,0.6141783953424289,0
1.9448512644173437,-0.5162558595396163,2
-0.7989638477061816,1.0869749114208764,0
-0.6122803044100568,0.34751144213971,0
-0.7143441483078503,0.8371053078446351,0
-1.1795439068397615,0.8266706507047176,0
0.14813747794982596,0.6969362165952293,0
0.3667950244826594,-1.0280834185193917,5
-0.16923946984004465,0.8709291594889299,0
1.7490807982778396,0.1319305330064811,2
0.5586536499159935,-0.7976050802074623,5
-0.9479456749681503,1.4565141133369082,0
0.5575209864706893,-0.9647854778268153,5
1.350559183244282,0.19851064259062728,2
-1.1338603102498437,0.22018062674166253,0
-0.018500309818691413,0.4707652115246117,4
0.5760154958155013,-0.1263212479015547,5
-1.0963988268145768,1.9483232486818307,0
0.5324587629584586,-0.11963682064712326,5
0.7178497259892533,-1.7780196890151043,1
0.4148318261292874,0.20955729871063747,4
0.564130985448904,-1.1235227217964332,5
-1.2549861076699014,1.3227928781654428,0
0.2595804110609979,0.493458429108366,4
-0.8392980468304869,-0.8096410770900211,3
1.685644474905025,-2.1783536084664226,1
0.32134040913517775,-1.417041951743945,1
0.44834832577465994,0.6088606845088573,4
-1.4580233937748384,0.4887217040220824,0
-1.9071754325590227,0.8316526191554453,0
-0.3770918523168662,1.2099436673321413,0
1.0018669783858205,-1.6999819598642025,1
-0.8558958841278951,1.4946645227006974,0
-0.3683723969297985,1.1691439216324162,0
0.24316128127100106,-0.8092832646674843,5
-0.9975598914236344,0.20962357658094574,0
0.7838687198384774,-0.65202891394243,5
-0.9440761075448695,1.3327807990852047,0
1.42786663071446,-0.348525303089297,2
0.5872179733952752,-0.874906774384258,5
-0.3708049955229661,0.8962101273274471,0
0.7401977903249223,0.08442967625415647,4
-0.7481183455162436,0.9456064837442946,0
0.9152578178337446,-2.1084187851095195,1
-0.7549745486123536,1.3874729487370399,0
0.6260012721776055,-0.045804424907357394,4
-0.9556222587287623,-0.8885752258698292,3
-0.8913693935250925,1.3756483025482733,0
-0.5931319252533986,-1.5090728143371253,3
-1.0303634631640375,1.400659179172854,0
0.36865976388937405,0.6616297088363966,4
-1.948713376956183,0.6883727363441768,0
1.3484155116449488,0.12542417353890367,2
-1.271528760291964,0.09002581173178453,0
-0.7657675505976592,0.2350042237619629,0
-1.7807331386684044,0.7061395586164138,0
0.48939823105897834,0.7483024637849304,4
0.6588765943713035,-0.4411536997249929,5
1.1892470452014683,-0.8068442288776718,2
-2.2194899962242864,1.2136464542541263,0
-1.2908038901287817,0.13193026200060007,0
-0.7972915341616038,1.2769616376945607,0
-0.9933071438403179,1.785392019671263,0
1.6531193972920977,-0.6195156635685041,2
1.3201082401590856,-1.4909653377008116,1
0.4676671237858011,0.4581382016778883,4
0.7767119233829973,0.535851638443217,4
0.6535255599255023,0.4119946438927792,4
-0.1909137554576055,0.3227907450379524,4
-0.46898239496284005,0.059130263079244356,0
-1.195464311033896,1.3412413817992808,0
-0.8269816849648871,-0.6406284596740749,3
0.5601832464601083,0.5929265732314332,4
-1.0985383483234923,1.7178077656293989,0
0.35470935000778303,0.1816318048900915,4
0.5640587508184277,-0.7704659606993355,5
-1.6615288331424154,1.0789735989479916,0
1.3070823281010417,-0.01390158135409333,2
0.5355814063189019,0.6055960801843283,4
-1.5840234378842266,0.17445826287434557,0
0.5124872825225282,0.7494863867541864,4
0.2666520730214525,-0.4901145666650264,5
0.04140211928290762,0.7563232717418789,0
-0.9127355464523507,0.09687729716023542,0
-0.791618141437451,-0.5880833200616042,3
0.7103400796183691,-1.1293564108472323,5
-0.19455979439622573,0.6252126021308013,0
1.147630779374443,-0.759430110937749,2
-0.6953702919840545,0.8090319125765413,0
0.4174803216518606,0.7356269269516633,4
-0.8843269090064255,0.6793545082625129,0
-0.27703062305410997,0.82038219688562,0
-1.7288815392648405,-0.5628993892582468,3
1.374438665552654,0.19190643307048766,2
-0.10854878869118507,0.5812193233930756,0
0.37915870890783016,-0.25193956034085324,5
-1.1159662959419676,0.7694200024931789,0
1.083104446264001,-0.04620407385953173,2
0.3671729939735102,-0.9835456720737205,5
1.5776072674373327,-0.8516088749784773,2
0.42037555158179435,0.6864110434987436,4
0.6649378361072221,-1.5469244397418493,1
0.41325744319205454,-1.6632502831081746,1
0.6562185882246139,0.663843420192578,4
-1.2504258844938738,2.021174027325936,0
1.3049874892330966,-0.674362693068602,2
-1.4420596903033427,1.410334765840702,0
0.24648918118994992,0.1564509906541254,4
1.119751082488711,-2.5541520463825886,1
1.2744292547807887,-0.6406760550779627,2
-1.166550100342817,1.102461812218094,0
0.5726559168726069,0.6896819148336701,4
1.4211590008576003,-0.6505827419916196,2
-1.6156552661605623,0.32259599345293033,0
1.8406293042998014,0.029209962884882354,2
0.3189894751002695,-0.2606716739874283,5
0.4873213759163953,0.692842961044448,4
0.6562128703221877,0.6652121691573051,4
0.389335480096334,-0.49006883442645044,5
0.4003556418954875,-1.4046695857771416,1
0.4075573861365887,-1.475045809926218,1
-0.8801640685222585,1.0406074858586265,0
0.41217621781260777,-1.7182491944541567,1
0.7094716616565953,-0.9836371873646556,5
-0.25477635076335736,1.0027644987659998,0
0.8697393948450759,0.14946803350858215,2
0.9003585434031446,-0.04929233805933742,2
-0.7101496172715847,-0.4882250291294052,3
-0.7038074144099179,-0.9031275629635117,3
1.0530052002912011,0.4075431694103988,2
0.9328421546952881,-2.316593578386775,1
0.9251145939899397,-0.6587129008124251,5
0.7525274555361648,0.5700643665568772,4
0.39939461927577236,0.22505407428386345,4
1.4001985192752129,-1.6370170345582133,1
1.9252934557784196,-0.23214002475043788,2
0.8512993208536954,0.4997013370056115,4
-0.3844712319586226,0.9628409827587279,0
0.5019577882269101,-0.8917814453697338,5
-0.6112658609033929,1.354953787047514,0
-0.499601439768679,-0.6003425918959993,3
0.443010075913189,0.5840183565904011,4
-0.8065143033001763,-0.6829345575633171,3
0.9676226796778271,-2.0420366114294977,1
0.6923983623259703,-1.0658855345411329,5
-2.1791856777514806,1.1993832973496223,0
-0.987634777110801,0.6526735241582698,0
-1.7983018781065248,-0.024305716458944245,0
0.40785225006546166,0.7457335992509988,4
-0.8403838718934834,0.5345113281559062,0
1.3451191639417375,-0.551906951247801,2
-0.9897688919739795,1.3923495805978616,0
0.5275885164952778,-0.6861918616674669,5
1.4789756751781349,0.25133625632919004,2
0.4546077458591909,-0.6102902515076267,5
0.7708396721564987,0.39418429130462945,4
-1.0489129612078067,0.9448195335444987,0
0.22826380521301098,0.7213019976492623,4
0.8610568291511387,-0.3241089455669254,5
-1.0688751731083752,0.5760722107474235,0
0.5608636307389175,-0.44800157738807356,5
-0.1266477252447357,0.8088508467873087,0
0.454126150914629,-0.6594379939251669,5
0.5111801999965913,0.9014398290083687,4
1.9536485801131553,-0.23476915421223354,2
-0.9061178352226293,1.3626689003961527,0
0.4589098218791477,0.6404432330128125,4
-0.875457266455897,1.4329816075467925,0
0.2035345457659008,-0.7955412520289128,5
-0.7843725215175669,0.23570953344683226,0
0.5999080393809253,-1.7483013728746732,1
-0.6544369235461492,0.7799472250714595,0
0.4304010058601357,-1.4389152580403888,1
-1.5020384464856444,0.366987007163976,0
-0.8195034409453086,1.27770404130639,0
-0.9335946736026653,0.4059378323310121,0
0.4325790655703596,0.36620766206605504,4
-0.1855128738139334,1.0219969884728701,0
1.4738813353567786,-3.759697217955886,1
-1.4486439126083555,0.27525245560155726,0
-1.017834040264185,1.2999309424967678,0
0.5451865371274156,-0.8522305962937102,5
-0.8411483300886331,-1.8814873037238844,3
-0.49981384370525833,1.0946902110859982,0
-1.276729100341063,0.6831621405761843,0
1.284653590617536,-0.5491111701208075,2
0.3055006780887979,-0.8833424076215162,5
0.5322425663003529,0.571575783168255,4
0.4225491730008076,-1.3455315680767894,1
-0.664132826055945,-0.05663996746336028,0
0.8250871649085812,-0.3323589228531415,5
0.3614725334369508,-1.6077597501969596,1
0.6319269212349926,0.39441884687518125,4
-0.8320993805732112,-0.233168356480873,3
0.5750021013595333,0.6808855219850393,4
-1.2399161146560365,-0.8775263678273966,3
0.7608033123626065,-0.3405289872868024,5
1.0921652004812377,-1.06266590025132,2
1.2021755454134795,0.39744991190097173,2
-0.7893632013009988,1.0026799957516352,0
-1.2374253686839167,1.4295879028063896,0
-1.0999349690516163,1.550496607683271,0
-1.874565520179852,0.3214185915622659,0
-0.49389704817423224,1.1892790979785903,0
0.8085889643668054,0.33777447264509985,4
-2.1010953848796974,0.6398077581500792,0
-0.5190123928446295,1.1884224315216712,0
0.44602256895530784,0.4518235449796525,4
0.38954758430421327,0.727709863424949,4
-1.7278509219333316,0.7473034853763989,0
-0.02218827619921662,0.8393356860610568,0
-0.5274784390955372,-1.2010821425449256,3
1.0640966860065777,-0.6948780567587424,2
1.6974878071516313,-1.353927736085869,2
0.1183430676511365,0.11412153544773665,4
-0.933187134717168,1.54505462372542,0
1.787134199896403,-0.6132787008622326,2
0.3544148319198123,0.7468559869523835,4
-1.753499138221809,0.18183842991937443,0
-1.8679591294747642,0.3071973050627735,0
-1.0274228819675528,0.8758304020692185,0
1.2927840328847227,-1.8805420014133958,1
-0.35691856220305423,0.9411753685771636,0
1.4952297466471836,-2.849151357889009,1
1.1768204984334947,-0.7309954648603035,2
1.1014401108955434,0.13294204543604832,2
0.8108992275149641,0.337561834673132,4
0.48326530803794515,-1.4945713924693735,1
0.6554754914674339,0.5915313334439998,4
-0.8671456381550376,0.13613452832638015,0
0.5644979341439034,-0.07716007375617832,4
-0.37327129054538355,1.1826069168013857,0
-0.8745198071276912,-0.3165053172535772,3
0.6473607042638618,0.6638248562911703,4
-1.0229064653021278,0.7803638457656107,0
-0.5669176942630345,0.8590776667824186,0
-1.0627117699783604,1.7911250639212912,0
-1.1738227073788565,1.0942720659838865,0
0.3832082058096285,0.715540751852084,4
-1.189662392313116,-0.2638630389786212,3
0.8872690773205754,-1.658085148572877,1
0.7179653290652712,0.3581300614436722,4
-1.0716916320153118,1.0482352167555347,0
0.4206602477890413,0.686415633660553,4
-0.9327050094832225,1.6067774275540117,0
-1.8958780908276585,0.09792478561738287,0
0.25375691186971777,-1.0625443879993932,5
0.2667224170551602,0.032512287837290696,4
-1.053372959698627,-1.0838697712633893,3
-1.9184545600043414,0.15840709400386369,0
0.9294535827590871,0.10526464054097538,2
1.4987319618944532,-0.4072757315984595,2
-0.3393826545918871,0.054523637742960845,0
-1.8050220389310532,0.2965168286715164,0
1.1150312306934504,-2.7622163708963674,1
0.6677810285136524,-0.2135414346845572,5
0.3550158687741208,0.7468657431633792,4
1.444648939533908,0.18110078584790984,2
0.3744148096437151,-0.24411121735710634,5
-1.254633984020351,1.3434027890247522,0
-1.8747104275058655,0.6493791091894732,0
0.5048541940158296,-0.1637228511399358,5
-1.7937186104003002,-0.007182329846594725,0
-2.0035946000531664,0.8592257206703533,0
1.8145616752556675,-0.05101967858862961,2
-1.2188919407127627,-1.1650820969179179,3
1.9361214338040267,-0.11218207617728074,2
1.1436053760534557,0.36962706154944885,2
0.29662084476058326,-0.6960876405951337,5
1.5752048492243647,0.1659343325408695,2
-1.1043557376593236,1.0002702624704245,0
-1.8796951127142314,1.8467974248258394,0
-1.5624406617617908,2.2138617504271783,0
0.9185505342077687,-1.675106111908542,1
-0.8491102786821545,1.4200820843713717,0
-0.6993981277191831,-0.495335359028451,3
0.32237931511961504,-0.966692207296752,5
0.34475523117373585,-0.19063070102345755,5
-1.278018660262759,0.666199528189529,0
-0.9724370881183924,0.6345406407225334,0
-0.4332157623691064,0.9316559490355134,0
-0.16974915859164902,0.7895030102118243,0
0.8530849895087131,-1.6716618815133428,1
0.3674322939325067,-0.9501426586521795,5
-1.2705647173286148,-0.7927477067004379,3
0.8347044577878011,-1.1933706708377532,1
-0.9320648119138998,0.5495694638088305,0
1.4730258864277346,-0.6636018465021849,2
-1.0387203966193275,0.32768129982507077,0
-0.8916356448856924,1.3427979208860021,0
0.6878510735986231,-1.5868815604754831,1
0.9354652078576544,0.30995333301777983,2
-0.8140239727270387,1.2039012529567217,0
-1.8900938561035405,1.8515748854803087,0
-0.6087776165135947,-1.466978693843076,3
-0.6658156762191931,-0.28336502707412314,3
0.660705804392273,0.6726267708842666,4
1.5876665103690006,-1.6832859325529577,1
-1.1320551822816962,1.0925461143596142,0
-1.0904084132896292,1.111426533580511,0
-1.081270870870323,1.2435493931358583,0
-0.1485186213989824,-0.010555387328180225,4
-1.540306615286748,0.6560362664794106,0
-0.7818373580492094,-1.726295036577321,3
1.755737624110373,-0.60089625686501,2
-1.0417825293548577,0.0814942254828909,0
1.5087237082156375,-2.3134675088696923,1
-1.9522511561733293,0.26304418368200955,0
1.1096273402341332,-0.10594277604564627,2
1.1484095784378603,-1.645533275100657,1
-0.10532656621521885,0.1626472516680667,4
0.7214102154237653,-1.3633613483975324,1
-1.859177295922075,-0.234011760588752,0
0.6413595927278228,-1.009908156542496,5
-2.1166230060656033,0.7216942108781169,0
0.0938492451428134,-0.7256556839870392,5
-1.1218941237968343,0.35146018381621597,0
0.022845923454196716,-0.560555510400595,5
-1.0961039283016547,0.41201261496864156,0
0.5755296585561991,0.5539781871170858,4
0.5410424412185957,0.5167223850304338,4
1.9940900244923698,0.06136028560062778,2
0.4029981197869345,0.6203856998450602,4
0.38306890110574027,0.09885047387903563,4
-1.1529093639075587,1.0719028189662816,0
-0.8379833673333442,1.0604319878637876,0
0.9666713290745675,-2.179614005901178,1
-0.5902481657124484,0.7501179997833555,0
-1.125267075253634,1.7517279259806082,0
0.47379133161675224,-1.3068989207255564,1
1.617225184000121,-0.37911376822826665,2
0.7419102675230083,0.7114000025244999,4
-0.48592110455342735,0.8795362886209079,0
-0.6115474791268144,0.4083946190045892,0
0.5879043522491505,-1.0743578890721441,5
-1.048736132769093,1.9648766760976546,0
-1.2146864119367875,1.6713409994820003,0
1.3086698760474744,-1.6066382771403032,1
-0.5843318889428167,-0.5303755865936098,3
-1.3402518262922114,1.2229950723534462,0
-0.6237622098877015,-1.4057467324381698,3
0.5029049541556208,-1.4742809636417298,1
0.7761635580937236,0.5690117798020138,4
0.7217085377614153,-1.3308130705161285,1
-0.0005807263422363981,-0.9960515084258685,5
1.0880286323754431,-1.002956365070626,2
1.3846348499422494,-1.5531394509734406,1
1.078767889908995,-0.029460840715292917,2
-0.9534210161519806,1.5137870856563338,0
1.021924123606242,0.12113132217333752,2
1.018407959443645,-2.133907377311686,1
-0.7390491297255865,1.3703555750671346,0
1.021224614327134,0.5046504968094521,2
-0.8552200995327176,-0.39986082498976144,3
-0.7115158731710277,1.0563840749806883,0
0.9537581726693176,-0.268830542491531,5
0.9259177056666985,-1.1776860882046054,1
-0.8117091214233194,1.3469498661431445,0
1.727701284364911,-2.292798823614864,1
-1.1034303251216053,1.07930417528189,0
0.893383935919913,-0.9613465997975263,2
-0.03817035534917902,0.5992532558145575,0
1.724291431686992,-0.5078231734911942,2
0.978219082654518,0.5154806023106283,2
0.44808618992042853,0.6338620589903958,4
1.3966358279871611,-0.18238072373724137,2
0.7251101940106467,-1.4270938300463392,1
-1.5440223526894736,0.21874675168162164,0
-1.2671110235558798,1.61594066070793,0
-0.4143809340765589,-0.43844706258771593,3
0.7513855811955261,-1.0444735140918198,5
1.3681652619688285,-0.4468784105449012,2
-0.7956810339091328,1.1106269816084497,0
1.4934431672779127,-0.10200228310962181,2
-0.7548009364938262,1.1675730361728898,0
1.654328018921306,0.2202456512098913,2
-0.7993433388968386,0.8950230369772572,0
0.48939823105897834,0.7483024637849304,4
1.2226185452965865,-1.8234627813451068,1
-0.616183026445133,-0.08622694738963944,0
1.3102780361100448,-0.01403965883893453,2
-2.0670251939955655,0.8065538180673718,0
1.3846348499422494,-1.5531394509734406,1
1.2544739942818235,-1.3375896567003422,1
0.7173928356110555,0.265155962959726,4
1.914797012342285,0.08126888411133201,2
-0.8166147819919447,-0.6465034771181236,3
1.1901083964814199,0.3931496248120859,2
0.5639033068737438,-1.365409339671172,1
0.1838177425493569,-0.6391245465374872,5
0.21363667296592914,-1.691958018401935,1
-0.5478804568351234,1.2572627469046753,0
-1.1790016975180568,1.23768353907726,0
-0.42891878173811554,0.38679084497239197,0
-1.348567650795691,1.1127746522243485,0
1.3559259419217962,0.19342487889636348,2
-0.7481154289248392,0.9449234134776734,0
-0.0460995989240371,0.8604526488816877,0
-1.7410537777103898,1.2152760463579415,0
1.226504701553795,-1.3547786267303696,1
0.9857411101286389,-0.9299293987429064,2
-0.7278546180139808,0.3570676846021983,0
-0.5345995101888017,-0.3300626055237628,3
-1.278556120036482,1.5085059436756472,0
0.3405925636099789,-1.607659190085587,1
1.4065305313591934,-0.7411672463172659,2
-0.23792975012545914,0.6016471183152432,0
-0.819705838552601,0.6214647266090874,0
-1.266695288241613,1.6570309755018535,0
-0.8363151116549435,1.1428598933594647,0
0.6478076805370135,-0.13724756048231976,5
1.1837819178514661,-1.4328725726593288,1
1.6983396708636085,-0.8985652132093138,2
-0.8710873595126253,-0.29584003650994956,3
0.41489593349917453,-0.31491376759730577,5
0.31687144183769544,-0.808925553871792,5
-1.0625695140990186,-0.1029415386020513,0
0.6864745231691822,-1.628900222775846,1
-0.3000479125363757,1.134870437392913,0
0.07627501836278651,-0.9554441430101878,5
1.4927535951599111,-2.9325876931224766,1
-0.20966392190431965,0.9140810497249566,0
-0.6627157084920663,-0.4075386750326442,3
-2.1673329271049986,0.5610836219728264,0
-1.4500628400728333,0.10820827230173356,0
0.5687127775674428,0.7473518599223151,4
-0.54217642260965,1.051121547714952,0
0.5331619612069451,0.6700068725596322,4
-1.4155932952039028,0.548833123952988,0
-0.6172553867701476,-0.6516629713441838,3
1.3173894006028046,-0.4131845062097382,2
1.4641809023315315,-0.13452412098186192,2
-1.9173079706998521,0.10088408490425521,0
0.8073727111822601,0.25523411665586154,4
-0.14201563711515708,0.926443032779845,0
-0.895843940388722,1.6967641098933337,0
-0.7263766785684179,-0.28096977566841735,3
0.19087251594710178,0.7509163999806631,4
0.4000578959593413,-1.4376390575765783,1
1.1120049616564966,-1.2788662440879612,1
0.03901388054570433,-0.08982964846054375,4
0.34235464591734516,-1.4010270468450927,1
-0.7257283537385878,-0.2603414872244239,3
1.4747115379020863,-0.6404681597086725,2
1.055661004584351,0.18110452911646133,2
0.065506905392408,0.42876392747504727,4
1.000268098386765,-0.8272009525133108,5
0.4435053892123945,0.6854164519976108,4
0.3905845881638928,-1.5538268912095328,1
-0.9829816726041102,0.5987981861642817,0
-1.5734316461192386,0.9858341022006863,0
-0.6282973596004028,-1.7860612119823405,3
-0.10958363680944519,0.60190074592335,0
-1.6506730725665368,2.193283140744723,0
0.7619408636923354,-1.5493199790911232,1
0.5581756056043674,-0.8659831781606799,5
0.1345721578810993,0.018370372178591464,4
0.23031697025571288,0.18965667793501506,4
1.6844186534563357,0.2188456010685507,2
0.6616166570292752,-0.9074600828119077,5
-1.333166411393064,0.19556839973512985,0
-0.839730866683852,1.2515308036160988,0
-0.8042755369885691,-0.477731072520135,3
1.6554851909565862,-0.2504495701300807,2
-0.9414158303764597,0.5616516841281848,0
1.0027321684995008,-1.7411801519275651,1
-1.2132290615512202,1.6918473352896308,0
-0.7838731503520203,0.07102918181108807,0
1.0979319126011147,0.42967044207205995,2
0.3355953474340263,0.4640676066102974,4
1.5754301299694329,0.18867661912292966,2
0.744488914717208,-1.133306084106635,5
1.6611574885179226,-0.40170449478386616,2
0.4079088065763453,0.6869559515911255,4
-0.6876884399141484,0.720156760766397,0
-1.2259679372121983,1.6054204504062197,0
-0.9821529341185813,1.437054893353459,0
0.978971620867552,-0.7910248716435571,5
0.4627839889860602,0.7428314652625269,4
0.30017845218782196,-0.27208361212915044,5
0.024686315663438783,-0.48623882719159034,5
0.5984057296817478,-0.1894437631141359,5
0.8248653886843283,0.19271215042586143,2
-1.2786235474787853,1.0771388723472395,0
-0.816872571779206,0.8956673025924747,0
0.45843008294722326,0.3261196285645373,4
0.7577448224842526,-0.6795361440960921,5
0.333392214260476,-1.288887397100878,1
0.42249955636345626,0.6094408064249597,4
-0.794406172224596,0.5856042828748814,0
-0.7471247792702861,-1.97848312914996,3
1.0514905094887868,-1.453622559671732,1
0.7214102154237653,-1.3633613483975324,1
-0.7575842869010879,1.0577927126203432,0
0.5848050185636368,-0.9161267485435046,5
1.7313683389006804,-0.2808443168937692,2
1.5447876832645058,0.2250792778286348,2
1.7464768009476734,-0.2609905123800062,2
-0.5970826500017793,1.4169996298595995,0
1.3201082401590856,-1.4909653377008116,1
0.29671150118156464,-0.6863846484600922,5
0.2738419549205475,-0.9031894708643491,5
-0.5219985097561463,1.241983063962286,0
0.9002455456616781,-0.06080864733221324,2
-1.2008487652361435,-0.9727462918617809,3
-0.1284412790715881,0.6025309361716435,0
1.611094993122011,-1.7931921552648296,1
0.41732295252635876,0.6218599547780076,4
-0.5817417598315624,-0.5969270542461697,3
-1.2445899119750343,0.37715943225978543,0
-0.4087697004854972,0.05681917593055192,0
-0.6149284656198807,0.0772131967475617,0
0.7139431190084101,-0.9427550728217586,5
-0.7527620662071898,0.995770684448009,0
0.017746591996268213,0.7016054273470529,0
0.355204006209397,0.22393216084277062,4
0.9622226049961784,-1.5112664881977216,1
0.679850402355312,-0.6519053352710215,5
-1.240493668915087,0.7483505334491101,0
-0.7774939194608623,1.249599598929636,0
0.507040404042621,0.03724166188989326,4
-1.092808687289167,0.12838748710020853,0
0.8366313563275249,-1.484047879283548,1
-1.1460497254587318,1.0364510690049282,0
0.2920272940523501,-0.6346474450635862,5
0.39395530318293964,-0.2825074459724758,5
-0.6317297726313376,0.7516821609101202,0
-0.4223723483124971,-0.039689872159812976,0
-0.6521491400547547,0.8897336970693909,0
-1.134523932774315,0.1567966416890739,0
1.074061157010814,-0.7633412336137014,5
0.22599291028424423,0.7498077658267788,4
-0.936188434043025,-0.31406196230807704,3
-0.10126378902383787,0.6096171804252978,0
0.34337310117814784,-1.3024355219853725,1
0.5037040656063937,-0.6436725160432653,5
-1.6272082419376868,0.7608376873350784,0
0.6325059164976798,0.6680647937630347,4
1.6522674067718306,-0.7568474081671597,2
-1.5807340300545478,0.6777823524629794,0
1.3811870469924328,-1.7412758847471028,1
0.4962240923824676,0.674573693910386,4
1.2752982491440663,-1.7968206696437377,1
-0.8836594591762967,-0.999768523155646,3
-1.020421275840095,0.9921580916631685,0
0.44195482318341467,0.6855157925825187,4
0.3000251524565683,0.6732098908027474,4
0.671501250319709,-0.9201392443484728,5
1.1711648934583156,0.3450315860923138,2
-0.9074366532822826,0.5075544262117656,0
-0.8915355470088568,0.09595990845308806,0
-0.03131544339227376,-0.8951524364315966,5
0.6888425993834618,0.30017764356116416,4
0.35584795038812594,-1.1075961478694138,5
-0.4124209616212913,-0.725959583181748,3
1.3941519527203932,-0.334201220680154,2
0.3097298739085941,-0.09189767723000894,5
-0.8618904131592932,0.7608710549314145,0
-1.089214351561219,1.193446100998855,0
-0.5848875399464432,-0.576287569872618,3
1.5878310845127677,-2.269208576638971,1
-0.8073172651125851,-1.497605963633449,3
-0.9402949024647898,0.7028541207165844,0
0.48399140095219656,0.7023688169750508,4
-1.1930150083264999,0.5986096677140424,0
1.0593412817694299,-2.0344783427217594,1
0.8096724146557701,0.5597158045907552,4
-1.3326246977765297,0.011525458642274623,0
-1.393020457356407,0.5679304494879976,0
1.0756607863317835,0.4064073669191057,2
0.32075296382714114,-1.4855235908732267,1
0.355204006209397,0.22393216084277062,4
0.4443755824907182,0.249887662263378,4
1.155291961688102,0.21776616779570188,2
0.672322518642404,-1.034056116637688,5
-1.7851788539311486,0.15301001232949898,0
0.4514361199030095,0.8082093420442034,4
0.5053607817275484,0.6684382737119264,4
-0.6363274964861305,-0.48373654540946287,3
-1.2765280169291173,0.7333705829863696,0
-0.442794816775718,0.05294465598333991,0
0.5665948019449781,0.11293224317488358,4
0.6407146917227204,-1.5219197285003403,1
0.5314871114959144,-1.405035833257365,1
1.1072264206649112,0.3224840849711312,2
-0.6680739248999905,1.0551180372364546,0
0.9302967658651135,-0.04404478386732548,2
1.4910550553490811,-0.5863508473587405,2
1.08567878197528,0.4707524403735504,2
0.41201082517882837,0.5601966536731792,4
-0.7081198425999818,-0.3643562627617915,3
0.7193865275515512,-0.29770779194968666,5
1.641861550588497,0.22079894354593596,2
-1.248792662496048,-1.1908092250892137,3
0.326832673465767,-0.6362618100254828,5
0.0987298322481942,-0.7365909397613974,5
0.7387332003371225,0.47830684724772443,4
1.4734538990930084,0.14523332983737422,2
-0.5224994717896794,1.109904564678663,0
-1.3636365140626083,1.1077458336359058,0
0.46616331544287753,-0.7406911059614235,5
0.3939488474866705,-0.28082819204529097,5
-1.7483497405333972,0.4802290409893644,0
1.7390941012335008,-0.22514682019567936,2
0.5117840727460525,0.683285329676699,4
-0.6485137760710837,-1.2114818060532204,3
0.9061942392492622,-0.7179275115437711,5
1.567152866723404,-0.447383921160575,2
0.48269652660908613,-0.8496272123886887,5
0.2735053595262399,-0.9413156421416377,5
-0.6115302677793445,-1.4668908201933666,3
0.43457299959944595,-0.7444374401374898,5
-0.028643949451542014,-0.6064923584670233,5
0.09728489754999474,-0.791075515863366,5
0.2485627854282973,0.13627248724620855,4
-1.5020799589185487,0.408242652469307,0
0.9081435482776515,-0.5699509278240873,5
0.0029810311755020104,-0.8698680302062645,5
-0.8501335526591194,1.2719084793922917,0
0.7257509679813914,-0.8576510183480157,5
1.3670904692296726,-0.6495550030862485,2
-1.9506551812376074,0.4310327207719787,0
1.1414054015599004,0.21742553036931211,2
0.43200245660969333,0.7654083535814686,4
0.8408514795883476,0.2845094059690737,4
-0.9403285066696352,1.5290373136494937,0
-2.240438534768498,2.2589869698228733,0
-0.046031595080230026,0.8667942198493792,0
1.9758466763179758,-0.5396763552208478,2
0.4079088065763453,0.6869559515911255,4
-1.0221160920974972,1.810524611802181,0
-0.4703233468383552,0.24443116255416647,0
-1.2281227218316237,0.23237751641492824,0
1.2269172320759467,-1.318719467950733,1
1.3184438233144955,0.2313915124121096,2
-1.2674962787610835,1.5749750424850353,0
1.3845829507551888,0.05965264380981001,2
-0.6688901093617906,-1.2377817220443839,3
1.0572303151887599,0.44191209852563085,2
0.3995388925602547,0.23637651274058993,4
-1.1548411964437455,0.22165628751755778,0
-0.5658824772478939,1.119492226883018,0
-0.007508599195389924,-0.5902117831372481,5
-0.5999250354461861,1.0687349976089588,0
0.5373432234816173,-0.8181874839720117,5
0.8640162586752821,-0.655980670559483,5
0.7958253034432118,-0.9015954652174611,5
1.1739409696792957,-1.358909247213992,1
-1.3846180112420632,1.2039453591600113,0
0.23745708565302465,-0.20150249061316242,5
0.41306921353253767,-0.5677219215745171,5
0.6825876175901415,-0.027211763094522924,4
-1.3284532919667125,0.9967583652998971,0
1.5271393543132121,-0.490580408798111,2
0.3987918878011656,0.17814680505109207,4
0.46225718111122654,-1.4478225600366925,1
0.35154956333754767,-0.36983683117870764,5
-0.6841495540061967,0.31427672335634027,0
-1.497494270326172,2.254806162441806,0
0.7176752377404402,-1.801729974648506,1
-1.192425268940683,0.6546020526617776,0
-0.7193475780914814,-0.39843054075740375,3
0.24244913727199474,-0.8916894558185069,5
-1.2029150837600562,0.7043957036675088,0
-0.8767128071636648,1.3090251030326507,0
-0.6399191461833575,0.2508678904540187,0
1.5864010555561867,-2.848608600905748,1
0.5438098944737342,-0.9349285591274681,5
0.3781636440180447,-0.8995510817094327,5
1.2363020737758825,-0.9409905706140362,2
1.3459449051396923,-0.15505494894394636,2
-0.6206682252076516,-0.49195637329381925,3
0.25623576091578215,-0.4795701182768156,5
1.4667011715862595,-2.2496332306448794,1
0.2824330802874583,0.5902146176041017,4
0.883516980514021,-0.15977460066140872,5
-0.8632548130460169,-1.1863243321967138,3
0.32316742883059657,-1.2689370975637175,1
0.27721642807715335,-0.48119210527851497,5
-1.2764859396227803,0.43300882774144656,0
-1.1898472212039652,-0.5316170983075341,3
0.9626838644974064,-1.4611520001311602,1
0.06428945329289851,0.30813356255282437,4
-0.9297125521556556,0.5085050639502363,0
1.0188626594962922,0.26924163034656007,2
1.3862404046702683,0.22298174329639767,2
1.5094976770348218,-0.07360288473175212,2
-2.234035740585749,2.0947984091311582,0
0.3399693814116557,0.43888626730049696,4
1.816526155170408,0.004473699884336333,2
1.8115750972230296,0.12816160371688753,2
1.1437127250606764,-0.6749968129019301,2
0.7118928590290416,0.27185267016723985,4
-0.4311945876072032,-0.024663935390543266,0
-1.7410537777103898,1.2152760463579415,0
-0.17196405035489387,0.7895912734324275,0
-1.4491717003657048,0.20984993422455858,0
1.3801625625723508,-0.45722797184490865,2
1.4609793841958616,-0.01977490501138547,2
0.0564572411391214,0.7270370066916877,0
1.40671869185053,0.1572799975756568,2
0.8999814269865194,-0.09031491832622174,2
-0.6173981959949332,-0.6643361707518473,3
-1.1404512303397982,1.7166408482779754,0
-1.977575619292021,0.46904994769399116,0
-0.20868107672543176,-0.40561075629236876,3
1.0756607863317835,0.4064073669191057,2
0.1478269820133987,-1.041185535511976,5
1.436591965396375,0.2886687530736803,2
0.5372984601445594,0.5806150480798707,4
0.26671179974032033,-0.4807855287391682,5
-0.13330134628515383,0.561493535271903,0
0.618555525672149,0.8259336163964853,4
1.831272648630985,-0.4301678674822959,2
-0.358690316526876,1.168809263272615,0
-1.6636455060975226,2.3805527453416486,0
0.7121888181206489,-0.8602688502529274,5
0.3241949681783619,-0.7184561592847343,5
0.5079299528817629,0.8771874469684806,4
0.4150828950754649,-1.4554774762089375,1
-0.5193650698395416,1.3195552727995266,0
-0.978941467293734,-0.10627882331022664,3
-0.8511037861740871,0.1355736817017623,0
0.2757767847443082,-1.2960697806828916,1
1.1554069191945178,-1.0545067268657213,2
1.0704506935700593,0.19291342308947504,2
0.45374588734599786,0.8081226540451033,4
0.5033935927260266,-0.912600877633379,5
0.38783908427613495,0.5759815762256019,4
-1.4307983506069157,2.1729400351531623,0
1.3013035922468195,-1.6738049789056006,1
0.046013158011250645,-0.43712548558036807,5
-0.6529498654295744,0.7799092503756269,0
1.7573417724187228,0.1308744231754047,2
1.0941057251514463,-2.0629933081605816,1
-0.9353425879622559,1.5601045275755498,0
0.8930079377220823,-1.3196084687940068,1
0.7911299141257246,-0.5547183152115107,5
-1.2787954765051672,1.6112699932996162,0
-0.6183344909921423,0.6198460763668773,0
0.9417589584128846,-1.4663471993789197,1
-0.6948479685125517,0.05487503071447251,0
0.4337320990431289,-1.0357406551790718,5
1.599472987506526,-0.5283357254956798,2
0.49982233611232474,0.7067929706793947,4
-0.9734104803133551,-0.024121009028485962,3
0.4072126058415825,0.6870068837547433,4
0.4161194608700835,-1.7528439222633116,1
-1.763746011355512,0.21256568393374337,0
-0.5184700912986844,0.8112283981230332,0
0.5070611890790868,-0.22714184676183394,5
0.03365731264595813,-0.6517242694817889,5
1.3974806480733764,-1.019141410835274,2
0.7219579812555569,-1.3024968201232183,1
-1.0111338459861918,0.9435781912091296,0
-0.4821194948617513,0.7735515376215294,0
0.43201554092272376,0.6717330105003875,4
0.9780389917835794,-1.966462173092596,1
0.8047555834268613,-0.07339703884425687,2
-1.59954649397055,0.3912675229995437,0
-1.2716597648149348,1.9815113544575111,0
-1.2291725448596829,2.0836782257342437,0
0.6254830757405423,-0.2460296000789653,5
0.1348160333371648,0.27429309486183173,4
-0.8618117920007281,0.6514023542404647,0
0.37072476821794004,-1.3714784819993233,1
-1.3924801847435093,1.7125498624010866,0
-0.5076224810394551,0.7745663190591155,0
-0.5023475546419081,0.4181273879082838,0
-0.639515607523928,0.29199206404225736,0
0.7328745867690979,-0.9815691416575033,5
-1.799310672878943,0.27669877999323583,0
1.6834841568315726,0.13621166336889534,2
-0.7134458151104458,1.0564141396931501,0
1.5359088182906537,-2.3471503527779967,1
-0.80064059954197,0.8950638741725279,0
-1.9197431976837134,2.1731663927967753,0
-1.370396388947431,1.8302105790001368,0
-0.3519597689481911,1.2069492050350912,0
0.7355545422831682,-0.3395955922961896,5
-0.8875326925128141,-0.38841226718137123,3
0.1149672226590745,-1.0262821950179162,5
-1.4976458869651983,1.6088454055096937,0
-0.2679683932491055,1.1055165902565507,0
0.8633908054552386,0.4364112893587189,2
0.8439368989427473,-0.19951647499183064,5
0.20204783349014638,-0.6838827731867863,5
-0.5370856564772898,-1.1233757180561672,3
-0.8940796331717559,1.0101388730606824,0
0.562286846630256,0.35026913000561744,4
0.6233995112850284,-1.5003095350168774,1
1.684128896444336,-0.36130212836218195,2
-0.8320333595504134,0.9418663318894684,0
-0.5478039914179779,1.2686939772760502,0
-0.9587165085534629,1.4881790984357461,0
0.19065690721840708,-0.795039450805935,5
0.05973646971910327,-0.10630282426670168,4
0.22826380521301098,0.7213019976492623,4
0.29388303006835365,0.8099286540248712,4
-1.452905363853683,0.7342471683738611,0
-0.4764544484307183,0.8105459206814759,0
0.4499381677988731,0.743244867761961,4
-0.10815809225619523,-0.947942395961762,5
0.7859497365995493,-1.812741569385664,1
0.8473736349846739,-1.4063586467291054,1
0.420071488285658,-0.09900089322539928,5
1.2019726290448747,-0.09016240977917744,2
1.460030131693912,-0.01972710635308689,2
0.4359674876421286,-0.779561747270264,5
-1.2081435291441867,-0.8714344440692349,3
0.7093028336700989,-0.9631052753790469,5
-0.7384509864065404,0.9339038240677464,0
0.34281642417988567,-0.3445280513639344,5
1.149256853994195,0.2080838906709479,2
-1.5410508187347334,0.4918763646572092,0
-0.47895959291121526,1.0859675826445379,0
1.4887863738019251,-0.7853405915103386,2
-1.4504021330260148,0.0741409896450047,0
-0.7879270048488597,-0.6703738933383723,3
-1.0460398650937348,1.749577884063491,0
0.22826380521301098,0.7213019976492623,4
-0.9813262245661001,0.7478859447181049,0
-0.8679251519562379,-0.5288889162046393,3
-0.36317065046111213,0.7139698325169428,0
-0.9385604067310608,0.8020343549904803,0
-1.1129697000519718,0.8240298341153848,0
1.6951079147075476,-1.1890296651183687,2
1.83325993098725,0.12444636746326466,2
0.45586959239887775,0.6336140886299356,4
0.4514361199030095,0.8082093420442034,4
-1.1714318863631619,1.1558203081639096,0
-1.1013132602134756,-0.121959374731255,0
-0.5779408879338113,-1.46445938950567,3
1.3475064458524855,-0.28899320899477837,2
-1.2438814108332044,-0.9007306008333623,3
0.3733543808288871,0.6054174534477845,4
0.48328844479238264,-1.4920828472968186,1
-2.2201127979975763,1.0433779109999806,0
-1.1757529259909965,1.094364089410728,0
0.4206602477890413,0.686415633660553,4
0.9696228618987232,-0.14198394681149273,5
-1.5263693779425098,1.9892577689825226,0
-0.39520774660122504,1.0833864720333792,0
-1.228634946749599,2.1040442821343697,0
1.2487844392608969,0.2073901664865306,2
0.5186817306349573,0.6830235718931235,4
-0.9555911906902878,0.28353261616524794,0
0.7273816538128461,-0.6643523294761811,5
-1.0622397663540026,1.7500389497182833,0
-1.4149845115139568,0.15751357075025083,0
1.7103727314135595,-0.7976412764273811,2
0.6344275697841696,-1.7593051084417624,1
-0.2741622534320416,0.7928999839602462,0
0.5512785587010978,-1.6709760842502241,1
1.0003560457208833,0.24567113292244322,2
0.9547127626488239,0.3301114771106881,2
-0.9246513323619637,0.9610187393652282,0
-0.747236324480045,-0.5278883117608216,3
0.5125321611398869,-0.04783769717522566,4
0.4587139952484251,0.3808012767394446,4
1.6232567525890815,0.22163032176892652,2
0.3671233773361589,-0.9873403299819197,5
-1.1275707558971517,1.89562946235588,0
-1.7592067461364422,-0.634656286629613,3
1.4781000406701068,0.17003432936234023,2
-2.25463630557091,2.3906777105365107,0
-1.1353357711691452,0.07460324095040612,0
0.23232902634652233,-0.8491103195269736,5
1.685457259712073,-0.3198480220791329,2
0.7770327253774114,-0.4654971736093074,5
1.8257410160809218,-0.6931744631179719,2
0.5355814063189019,0.6055960801843283,4
1.2326660988067406,0.23497375254067954,2
1.065862514923432,-0.3152212745576256,5
-0.7793529986052602,0.955276955176258,0
-1.1105339312507383,1.337095974558417,0
0.8241754130853151,-1.6262325935443833,1
0.4429448157402943,0.743691112783897,4
0.7350261435403479,-0.9816636549505763,5
1.413091213428757,0.3733808483865219,2
0.9774969323262248,-0.9772907891051291,2
0.49181608530294846,-0.19527081252133072,5
0.470757200463942,0.7425877293683563,4
-0.8045918776357124,0.5240890187205414,0
-0.7764638439466441,1.151188292966131,0
-1.1135932050350554,0.7693342968902772,0
-0.3738948877527076,-0.4195883746491609,3
0.6263609812703723,-0.938689951066657,5
-1.109717562340375,1.1940954140982463,0
0.25774087192598144,-1.1868013871972845,1
-1.4992500813857503,0.2956848576232212,0
0.2940179541211406,0.0979177055893422,4
-0.17253732771507294,0.9322179304969573,0
0.5246078638695257,-1.3096359443947185,1
0.8999814269865194,-0.09031491832622174,2
0.8831602802368992,-2.102468343347399,1
-0.20747027629874368,0.48821798882025025,4
-1.5463721454495272,0.046250760461721586,0
-1.2712775875934748,1.7744283929711993,0
1.4188549167330708,-1.5970355741107531,1
1.5754301299694329,0.18867661912292966,2
1.5160095263730793,-1.8825591149569303,1
-0.7076422939936081,-0.5915951325427337,3
-1.0653860075900046,-1.238604004632913,3
-0.5052651720043653,-0.6001134395046593,3
1.3989159338111803,-0.8300295422871915,2
-0.6603123565087031,0.3339649432902611,0
-0.4234503227876263,-1.4124028734560534,3
0.8594056464839289,-1.17367787767971,1
1.155291961688102,0.21776616779570188,2
-0.7584366463183175,1.304508282262618,0
0.3745830727568606,0.7052629562909946,4
-0.4831860681161593,0.7186781019881232,0
0.5729957862271283,0.7293795813334767,4
-0.7794833806146069,0.0009232860062142735,0
1.7262906340253725,-0.34267011988642254,2
1.1439483233918026,0.21441428264700885,2
-1.0422756177445451,0.9166211198864337,0
1.3854348721072753,0.13976041733611633,2
0.9087946283063831,-0.5748586067935694,5
-1.3019714493082815,0.7502735571463209,0
-0.2934633559185316,0.7936423028829181,0
-0.8329612967265136,-0.4213926469665575,3
-0.4460880057990161,-0.4030622680113735,3
0.08910269443210854,-0.7081905251112331,5
0.29039082115028864,-0.8692507974252746,5
0.32560828149264326,0.690787957494238,4
1.2314539841847056,-0.7823967903707845,2
0.4464841973534983,0.6235106006494616,4
0.6058556723898243,-1.3664028302108528,1
1.4556990396246705,0.19453969537148794,2
0.535418941804516,0.8702981731606801,4
0.16620745609420123,0.32688877706726693,4
0.105095114224189,0.75393811530452,0
-1.8677203839916319,0.3341749558928165,0
0.6484673028353352,-0.0712223523315768,4
-0.895843940388722,1.6967641098933337,0
0.5422408835981072,-1.3221517402122733,1
0.40502994644772694,-0.2337652638224691,5
-0.43984112821014293,0.05802213706126676,0
1.1553123317155671,0.22056830062249097,2
0.6264712583969048,-0.004422321493011328,4
-0.8683621449561628,1.6500537433549458,0
-0.5083207683474569,1.2250058003213298,0
0.4174803216518606,0.7356269269516633,4
-0.516878854382873,0.9727090513372236,0
-1.1604417896639891,0.22976269945032288,0
0.02185406335652666,-0.4566884838696663,5
0.4464151905711975,-0.2763166389515295,5
-0.791618141437451,-0.5880833200616042,3
0.5532629590500895,0.7951904746639045,4
0.6247719923202211,0.08925188675100318,4
-1.7780101951336622,0.9969166496591194,0
-1.659866422174813,0.808070180535838,0
0.7129887365334453,0.36831895014555194,4
-1.0851743076432636,1.4614263994061274,0
-1.1980420359857715,0.09921707705429736,0
1.6843425108239503,-0.16210243935973953,2
0.41518756957995384,-1.7770518593425588,1
-0.6427640562661463,-2.2329523965999383,3
1.068309731057589,-0.024764139806636876,2
-0.725626711105886,1.0639749152052882,0
0.055060585826866335,-0.5968943472266084,5
-0.8244865929257154,0.3607085297477312,0
-0.6486488730443629,-0.6148455042960969,3
-0.7327195039437087,0.4638101002309393,0
-0.9676899148940634,1.4572312795281108,0
0.19104479081430412,-0.9189615545139995,5
0.7555291468150445,-0.8167826912279934,5
-1.1932214522719804,1.073592015420945,0
-1.5308226555923286,0.4432768332161661,0
1.7328628671800892,0.19249548124201474,2
-1.0487135263039569,0.34229974541026553,0
-1.1330817763310772,0.30175311918249986,0
0.48641196428302974,0.6226597100047204,4
0.28083296678922565,0.07221772881776826,4
1.0400322134148536,0.40814727534504835,2
0.5258906798941597,0.6308841280508862,4
0.11872146367905921,0.831007963969093,0
0.3306066158874723,-1.5548631329235794,1
-1.6961122634110875,2.395401207149369,0
1.2931350037312652,-0.9278647236710988,2
1.2004018543807689,-0.2150303747476611,2
0.3182560042473428,0.46478771999009527,4
0.6059436543080738,-0.7015576736592666,5
-1.5139663252978652,0.4292732999240446,0
1.3067220080228037,-1.828489143942933,1
-1.0128787976422575,1.9208797049051607,0
-0.14165130528278025,0.3760188363522721,4
1.2866467407406592,-0.1271778296690759,2
-0.9012596816619742,0.8987554482272677,0
-1.0487110016655752,0.34167900649099037,0
1.179488026732208,-0.29641219762889776,2
1.3909236665010984,0.09606073957034178,2
1.3443532877989295,-1.6343831624939806,1
1.5422446115681716,0.0377800150278282,2
1.5804819313633311,0.12782721636320823,2
-0.924164203963375,-0.8917367294029711,3
0.419924874811275,-1.428355938205779,1
0.8118442492303264,-1.3598464362866989,1
0.23924172831340648,-0.5285090676180244,5
-1.401000009250339,0.8492529422031119,0
-1.2736253168362677,0.9445406854536927,0
1.8933557197212991,-0.4675840542235077,2
0.16724198142761923,0.10075869388107732,4
0.7216376288542748,-1.3377211284176753,1
-1.0048285328176554,0.5189233421734816,0
-1.6031769585418891,1.5787951071924167,0
0.6318783421202663,0.5984322605037227,4
-1.3563467417912194,2.0079875597598553,0
0.37904670257686823,0.6363585988359601,4
-0.5915327455255611,0.43430125468130154,0
0.1838177425493569,-0.6391245465374872,5
-0.6703650515197794,0.40982927320665846,0
0.5736812543667505,0.4651077270955954,4
1.1945070312732655,-1.3963662880884022,1
-1.3412591339488726,1.593123508757488,0
0.4992105205507554,0.04925237053828266,4
-1.0992876010482415,0.11084554887716636,0
0.19581031666095766,0.2113213774716105,4
0.49503709733587953,-0.8156749717188374,5
0.1904164671150585,0.8365325708380693,4
1.0479181000722413,-0.9950476010984171,2
1.9869625783990057,-0.03237347618093339,2
0.3859084506549942,-1.3163546538904551,1
1.2705837463542695,-1.7965698367838392,1
1.8240876892003637,-0.17358099412912126,2
1.5036089868388274,-2.901630321258497,1
0.5662789800591472,-0.7033066099679598,5
-1.460690368728108,1.9410421681537564,0
1.1078276996078922,0.3224312727045146,2
-1.4921119142252346,0.09329598861432141,0
